type,fixed acidity,volatile acidity,citric acid,residual sugar,chlorides,free sulfur dioxide,total sulfur dioxide,density,pH,sulphates,alcohol,quality
1,6.3,0.3,0.34,1.6,0.049,14.0,132.0,0.994,3.3,0.49,9.5,6
1,8.1,0.28,0.4,6.9,0.05,30.0,97.0,0.9951,3.26,0.44,10.1,6
1,7.2,0.23,0.32,8.5,0.058,47.0,186.0,0.9956,3.19,0.4,9.9,6
1,7.2,0.23,0.32,8.5,0.058,47.0,186.0,0.9956,3.19,0.4,9.9,6
1,8.1,0.28,0.4,6.9,0.05,30.0,97.0,0.9951,3.26,0.44,10.1,6
1,6.2,0.32,0.16,7.0,0.045,30.0,136.0,0.9949,3.18,0.47,9.6,6
1,6.3,0.3,0.34,1.6,0.049,14.0,132.0,0.994,3.3,0.49,9.5,6
1,8.1,0.22,0.43,1.5,0.044,28.0,129.0,0.9938,3.22,0.45,11.0,6
1,8.6,0.23,0.4,4.2,0.035,17.0,109.0,0.9947,3.14,0.53,9.7,5
1,6.5,0.31,0.14,7.5,0.044,34.0,133.0,0.9955,3.22,0.5,9.5,5
1,6.6,0.27,0.41,1.3,0.052,16.0,142.0,0.9951,3.42,0.47,10.0,6
1,7.0,0.28,0.39,8.7,0.051,32.0,141.0,0.9961,3.38,0.53,10.5,6
1,8.5,0.24,0.39,10.4,0.044,20.0,142.0,0.9974,3.2,0.53,10.0,6
1,7.4,0.25,0.36,2.05,0.05,31.0,100.0,0.992,3.19,0.44,10.8,6
1,7.0,0.31,0.26,7.4,0.069,28.0,160.0,0.9954,3.13,0.46,9.8,6
1,6.6,0.24,0.27,1.4,0.057,33.0,152.0,0.9934,3.22,0.56,9.5,6
1,6.7,0.23,0.26,1.4,0.06,33.0,154.0,0.9934,3.24,0.56,9.5,6
1,7.4,0.18,0.31,1.4,0.058,38.0,167.0,0.9931,3.16,0.53,10.0,7
1,7.0,0.31,0.26,7.4,0.069,28.0,160.0,0.9954,3.13,0.46,9.8,6
1,6.9,0.19,0.35,5.0,0.067,32.0,150.0,0.995,3.36,0.48,9.8,5
1,7.2,0.19,0.31,1.6,0.062,31.0,173.0,0.9917,3.35,0.44,11.7,6
1,6.6,0.38,0.15,4.6,0.044,25.0,78.0,0.9931,3.11,0.38,10.2,6
1,6.6,0.38,0.15,4.6,0.044,25.0,78.0,0.9931,3.11,0.38,10.2,6
1,7.2,0.24,0.27,1.4,0.038,31.0,122.0,0.9927,3.15,0.46,10.3,6
1,7.0,0.32,0.34,1.3,0.042,20.0,69.0,0.9912,3.31,0.65,12.0,7
1,7.1,0.34,0.2,6.1,0.063,47.0,164.0,0.9946,3.17,0.42,10.0,5
1,6.9,0.33,0.28,1.3,0.051,37.0,187.0,0.9927,3.27,0.6,10.3,5
1,6.7,0.41,0.34,9.2,0.049,29.0,150.0,0.9968,3.22,0.51,9.1,5
1,6.7,0.41,0.34,9.2,0.049,29.0,150.0,0.9968,3.22,0.51,9.1,5
1,6.0,0.31,0.24,3.3,0.041,25.0,143.0,0.9914,3.31,0.44,11.3,6
1,7.4,0.39,0.23,7.0,0.033,29.0,126.0,0.994,3.14,0.42,10.5,5
1,6.8,0.19,0.36,1.9,0.035,30.0,96.0,0.9917,3.15,0.54,10.8,7
1,6.3,0.31,0.34,2.2,0.045,20.0,77.0,0.9927,3.3,0.43,10.2,5
1,8.5,0.21,0.41,4.3,0.036,24.0,99.0,0.9947,3.18,0.53,9.7,6
1,8.1,0.2,0.4,2.0,0.037,19.0,87.0,0.9921,3.12,0.54,11.2,6
1,6.3,0.34,0.33,4.6,0.034,19.0,80.0,0.9917,3.38,0.58,12.0,7
1,6.3,0.36,0.3,4.8,0.049,14.0,85.0,0.9932,3.28,0.39,10.6,5
1,7.5,0.29,0.31,8.95,0.055,20.0,151.0,0.9968,3.08,0.54,9.3,5
1,7.9,0.19,0.45,1.5,0.045,17.0,96.0,0.9917,3.13,0.39,11.0,6
1,6.4,0.25,0.32,5.5,0.049,41.0,176.0,0.995,3.19,0.68,9.2,6
1,6.4,0.33,0.31,5.5,0.048,42.0,173.0,0.9951,3.19,0.66,9.3,6
1,6.7,0.24,0.41,9.4,0.04,49.0,166.0,0.9954,3.12,0.61,9.9,6
1,6.8,0.28,0.36,8.0,0.045,28.0,123.0,0.9928,3.02,0.37,11.4,6
1,6.8,0.18,0.38,1.4,0.038,35.0,111.0,0.9918,3.32,0.59,11.2,7
1,7.7,0.31,0.26,7.8,0.031,23.0,90.0,0.9944,3.13,0.5,10.4,5
1,6.4,0.23,0.39,1.8,0.032,23.0,118.0,0.9912,3.32,0.5,11.8,6
1,6.9,0.32,0.26,8.3,0.053,32.0,180.0,0.9965,3.25,0.51,9.2,6
1,6.9,0.32,0.26,8.3,0.053,32.0,180.0,0.9965,3.25,0.51,9.2,6
1,6.6,0.19,0.41,8.9,0.046,51.0,169.0,0.9954,3.14,0.57,9.8,6
1,6.7,0.2,0.41,9.1,0.044,50.0,166.0,0.9954,3.14,0.58,9.8,6
1,6.0,0.29,0.21,1.3,0.055,42.0,168.0,0.9914,3.32,0.43,11.1,6
1,7.3,0.41,0.24,6.8,0.057,41.0,163.0,0.9949,3.2,0.41,9.9,6
1,7.3,0.41,0.24,6.8,0.057,41.0,163.0,0.9949,3.2,0.41,9.9,6
1,7.2,0.43,0.24,6.7,0.058,40.0,163.0,0.995,3.2,0.41,9.9,5
1,7.3,0.4,0.24,6.7,0.058,41.0,166.0,0.995,3.2,0.41,9.9,6
1,6.2,0.33,0.27,4.9,0.036,30.0,134.0,0.9927,3.2,0.42,10.4,7
1,6.2,0.31,0.26,4.8,0.037,36.0,148.0,0.9928,3.21,0.41,10.4,6
1,6.1,0.36,0.27,2.1,0.035,16.0,100.0,0.9917,3.4,0.71,11.5,7
1,7.8,0.25,0.41,3.7,0.042,37.0,149.0,0.9954,3.36,0.45,10.0,6
1,6.8,0.25,0.34,4.7,0.031,34.0,134.0,0.9927,3.21,0.38,10.6,6
1,6.6,0.24,0.35,7.7,0.031,36.0,135.0,0.9938,3.19,0.37,10.5,5
1,6.6,0.24,0.35,7.7,0.031,36.0,135.0,0.9938,3.19,0.37,10.5,5
1,6.8,0.25,0.34,4.7,0.031,34.0,134.0,0.9927,3.21,0.38,10.6,6
1,6.4,0.34,0.23,6.3,0.039,37.0,143.0,0.9944,3.19,0.65,10.0,6
1,7.2,0.21,0.41,1.3,0.036,33.0,85.0,0.992,3.17,0.51,10.4,5
1,6.8,0.24,0.34,4.6,0.032,37.0,135.0,0.9927,3.2,0.39,10.6,5
1,6.5,0.28,0.34,9.9,0.038,30.0,133.0,0.9954,3.11,0.44,9.8,5
1,6.3,0.23,0.33,1.5,0.036,15.0,105.0,0.991,3.32,0.42,11.2,6
1,8.0,0.24,0.36,1.5,0.047,17.0,129.0,0.9948,3.2,0.54,10.0,6
1,6.4,0.26,0.42,9.7,0.044,30.0,140.0,0.9962,3.18,0.47,9.1,6
1,6.9,0.24,0.34,4.7,0.04,43.0,161.0,0.9935,3.2,0.59,10.6,6
1,7.7,0.29,0.48,2.3,0.049,36.0,178.0,0.9931,3.17,0.64,10.6,6
1,7.2,0.27,0.27,2.4,0.048,30.0,149.0,0.9936,3.1,0.51,9.2,6
1,6.4,0.31,0.28,1.5,0.037,12.0,119.0,0.9919,3.32,0.51,10.4,7
1,7.3,0.2,0.44,1.4,0.045,21.0,98.0,0.9924,3.15,0.46,10.0,7
1,6.4,0.31,0.28,1.5,0.037,12.0,119.0,0.9919,3.32,0.51,10.4,7
1,7.3,0.2,0.44,1.4,0.045,21.0,98.0,0.9924,3.15,0.46,10.0,7
1,7.5,0.35,0.28,9.6,0.051,26.0,157.0,0.9969,3.12,0.53,9.2,6
1,7.2,0.27,0.27,2.4,0.048,30.0,149.0,0.9936,3.1,0.51,9.2,6
1,6.7,0.21,0.32,5.4,0.047,29.0,140.0,0.995,3.39,0.46,9.7,6
1,6.1,0.55,0.15,9.8,0.031,19.0,125.0,0.9957,3.36,0.47,10.2,6
1,8.2,0.28,0.42,1.8,0.031,30.0,93.0,0.9917,3.09,0.39,11.4,5
1,6.4,0.19,0.42,2.9,0.032,32.0,83.0,0.9908,3.3,0.41,11.7,6
1,8.2,0.28,0.42,1.8,0.031,30.0,93.0,0.9917,3.09,0.39,11.4,5
1,7.4,0.31,0.28,1.6,0.05,33.0,137.0,0.9929,3.31,0.56,10.5,6
1,6.9,0.23,0.38,8.3,0.047,47.0,162.0,0.9954,3.34,0.52,10.5,7
1,6.1,0.38,0.2,6.6,0.033,25.0,137.0,0.9938,3.3,0.69,10.4,6
1,6.0,0.27,0.27,1.6,0.046,32.0,113.0,0.9924,3.41,0.51,10.5,7
1,6.8,0.32,0.21,2.2,0.044,15.0,68.0,0.9932,3.17,0.39,9.4,6
1,6.8,0.32,0.21,2.2,0.044,15.0,68.0,0.9932,3.17,0.39,9.4,6
1,7.0,0.22,0.28,1.5,0.037,29.0,115.0,0.9927,3.11,0.55,10.5,6
1,6.7,0.47,0.34,8.9,0.043,31.0,172.0,0.9964,3.22,0.6,9.2,5
1,6.7,0.47,0.34,8.9,0.043,31.0,172.0,0.9964,3.22,0.6,9.2,5
1,6.6,0.34,0.28,1.3,0.035,32.0,90.0,0.9916,3.1,0.42,10.7,6
1,7.4,0.29,0.29,1.6,0.045,53.0,180.0,0.9936,3.34,0.68,10.5,6
1,7.8,0.19,0.26,8.9,0.039,42.0,182.0,0.996,3.18,0.46,9.9,6
1,6.8,0.2,0.38,4.7,0.04,27.0,103.0,0.994,3.37,0.58,10.7,6
1,7.3,0.26,0.36,5.2,0.04,31.0,141.0,0.9931,3.16,0.59,11.0,6
1,7.8,0.28,0.32,9.0,0.036,34.0,115.0,0.9952,3.17,0.39,10.3,7
1,6.1,0.31,0.26,2.2,0.051,28.0,167.0,0.9926,3.37,0.47,10.4,6
1,6.8,0.18,0.37,1.6,0.055,47.0,154.0,0.9934,3.08,0.45,9.1,5
1,6.1,0.24,0.3,1.5,0.045,22.0,61.0,0.992,3.31,0.54,10.4,5
1,6.7,0.24,0.41,8.7,0.036,29.0,148.0,0.9952,3.22,0.62,9.9,6
1,7.7,0.22,0.42,1.9,0.052,10.0,87.0,0.9922,3.3,0.49,11.8,6
1,6.1,0.41,0.24,1.6,0.049,16.0,137.0,0.993,3.32,0.5,10.4,6
1,7.7,0.34,0.27,8.8,0.063,39.0,184.0,0.9969,3.09,0.63,9.2,6
1,6.8,0.51,0.3,4.2,0.066,38.0,165.0,0.9945,3.2,0.42,9.1,5
1,7.8,0.22,0.38,10.3,0.059,28.0,99.0,0.9967,3.12,0.47,10.0,6
1,6.5,0.28,0.27,5.2,0.04,44.0,179.0,0.9948,3.19,0.69,9.4,6
1,6.5,0.28,0.29,2.7,0.038,26.0,107.0,0.9912,3.32,0.41,11.6,7
1,7.4,0.2,0.33,1.9,0.035,39.0,138.0,0.991,3.17,0.44,11.7,7
1,8.2,0.22,0.3,1.8,0.047,47.0,185.0,0.9933,3.13,0.5,10.2,6
1,8.2,0.23,0.29,1.8,0.047,47.0,187.0,0.9933,3.13,0.5,10.2,6
1,6.5,0.28,0.29,2.7,0.038,26.0,107.0,0.9912,3.32,0.41,11.6,7
1,6.0,0.38,0.26,6.0,0.034,42.0,134.0,0.9912,3.38,0.38,12.3,7
1,6.6,0.25,0.3,1.6,0.046,32.0,134.0,0.993,3.42,0.51,10.1,7
1,6.9,0.28,0.27,2.1,0.036,42.0,121.0,0.9926,3.42,0.49,10.8,7
1,7.0,0.23,0.33,5.8,0.04,25.0,136.0,0.995,3.19,0.58,9.5,6
1,6.9,0.41,0.33,10.1,0.043,28.0,152.0,0.9968,3.2,0.52,9.4,5
1,6.9,0.41,0.33,10.1,0.043,28.0,152.0,0.9968,3.2,0.52,9.4,5
1,7.0,0.29,0.37,4.9,0.034,26.0,127.0,0.9928,3.17,0.44,10.8,6
1,6.9,0.19,0.4,1.4,0.036,14.0,55.0,0.9909,3.08,0.68,11.5,7
1,7.4,0.24,0.4,4.3,0.032,9.0,95.0,0.992,3.09,0.39,11.1,6
1,7.8,0.32,0.33,2.4,0.037,18.0,101.0,0.9912,3.21,0.65,11.7,7
1,7.4,0.19,0.3,1.4,0.057,33.0,135.0,0.993,3.12,0.5,9.6,6
1,6.9,0.24,0.33,4.8,0.04,16.0,131.0,0.9936,3.26,0.64,10.7,6
1,6.0,0.29,0.2,12.6,0.045,45.0,187.0,0.9972,3.33,0.42,9.5,5
1,7.4,0.28,0.25,11.9,0.053,25.0,148.0,0.9976,3.1,0.62,9.2,5
1,6.4,0.24,0.28,11.5,0.05,34.0,163.0,0.9969,3.31,0.45,9.5,5
1,6.4,0.24,0.29,11.4,0.051,32.0,166.0,0.9968,3.31,0.45,9.5,5
1,7.3,0.34,0.21,3.2,0.05,14.0,136.0,0.9936,3.25,0.44,10.2,5
1,6.6,0.27,0.25,3.1,0.052,41.0,188.0,0.9915,3.24,0.4,11.3,5
1,7.1,0.28,0.26,1.9,0.049,12.0,86.0,0.9934,3.15,0.38,9.4,5
1,7.1,0.28,0.26,1.9,0.049,12.0,86.0,0.9934,3.15,0.38,9.4,5
1,7.8,0.28,0.22,1.4,0.056,24.0,130.0,0.9944,3.28,0.48,9.5,5
1,6.6,0.28,0.36,1.7,0.038,22.0,101.0,0.9912,3.29,0.57,11.6,6
1,6.7,0.31,0.3,2.1,0.038,18.0,130.0,0.9928,3.36,0.63,10.6,6
1,8.1,0.46,0.31,1.7,0.052,50.0,183.0,0.9923,3.03,0.42,11.2,5
1,6.8,0.22,0.35,5.5,0.043,21.0,114.0,0.9938,3.3,0.53,10.7,7
1,6.1,0.25,0.24,12.1,0.046,51.0,172.0,0.998,3.35,0.45,9.5,5
1,8.2,0.27,0.43,1.6,0.035,31.0,128.0,0.9916,3.1,0.5,12.3,6
1,8.2,0.27,0.43,1.6,0.035,31.0,128.0,0.9916,3.1,0.5,12.3,6
1,6.0,0.39,0.26,2.7,0.038,39.0,187.0,0.99325,3.41,0.5,10.8,6
1,6.9,0.31,0.34,1.6,0.032,23.0,128.0,0.9917,3.37,0.47,11.7,6
1,6.4,0.24,0.31,2.8,0.038,41.0,114.0,0.99155,3.37,0.66,11.7,7
1,6.4,0.25,0.3,5.5,0.038,15.0,129.0,0.9948,3.14,0.49,9.6,6
1,6.4,0.25,0.3,5.5,0.038,15.0,129.0,0.9948,3.14,0.49,9.6,6
1,7.4,0.38,0.27,7.5,0.041,24.0,160.0,0.99535,3.17,0.43,10.0,5
1,6.9,0.18,0.38,8.1,0.049,44.0,176.0,0.9958,3.3,0.54,9.8,6
1,7.1,0.28,0.44,1.8,0.032,32.0,107.0,0.9907,3.25,0.48,12.2,7
1,6.9,0.18,0.38,8.1,0.049,44.0,176.0,0.9958,3.3,0.54,9.8,6
1,7.0,0.2,0.38,8.1,0.05,42.0,173.0,0.99585,3.3,0.54,9.8,6
1,6.3,0.3,0.28,5.0,0.042,36.0,168.0,0.99505,3.22,0.69,9.5,6
1,7.4,0.32,0.27,1.4,0.049,38.0,173.0,0.99335,3.03,0.52,9.3,5
1,6.6,0.21,0.31,11.4,0.039,46.0,165.0,0.99795,3.41,0.44,9.8,7
1,7.3,0.32,0.34,6.6,0.032,24.0,112.0,0.99505,3.22,0.46,9.8,6
1,6.6,0.56,0.22,8.9,0.034,27.0,133.0,0.99675,3.2,0.51,9.1,5
1,6.6,0.56,0.22,8.9,0.034,27.0,133.0,0.99675,3.2,0.51,9.1,5
1,6.8,0.18,0.21,5.4,0.053,34.0,104.0,0.99445,3.3,0.43,9.4,5
1,6.7,0.19,0.23,6.2,0.047,36.0,117.0,0.9945,3.34,0.43,9.6,6
1,7.0,0.21,0.37,7.2,0.042,36.0,167.0,0.9958,3.26,0.56,9.8,6
1,6.8,0.25,0.38,8.1,0.046,24.0,155.0,0.9956,3.33,0.59,10.2,6
1,7.5,0.34,0.35,6.0,0.034,12.0,126.0,0.9924,3.16,0.39,12.0,7
1,7.6,0.33,0.35,6.3,0.036,12.0,126.0,0.9924,3.16,0.39,12.0,7
1,6.9,0.19,0.35,1.7,0.036,33.0,101.0,0.99315,3.21,0.54,10.8,7
1,6.9,0.19,0.35,1.7,0.036,33.0,101.0,0.99315,3.21,0.54,10.8,7
1,7.1,0.21,0.32,2.2,0.037,28.0,141.0,0.993,3.2,0.57,10.0,7
1,7.1,0.21,0.32,2.2,0.037,28.0,141.0,0.993,3.2,0.57,10.0,7
1,8.8,0.36,0.44,1.9,0.04,9.0,121.0,0.9953,3.19,0.48,9.9,6
1,7.3,0.26,0.31,1.6,0.04,39.0,173.0,0.9918,3.19,0.51,11.4,6
1,6.5,0.3,0.32,2.0,0.044,34.0,90.0,0.99185,3.37,0.68,11.0,7
1,7.3,0.26,0.31,1.6,0.04,39.0,173.0,0.9918,3.19,0.51,11.4,6
1,6.5,0.3,0.32,2.0,0.044,34.0,90.0,0.99185,3.37,0.68,11.0,7
1,7.0,0.29,0.26,1.6,0.044,12.0,87.0,0.9923,3.08,0.46,10.5,6
1,6.6,0.26,0.29,1.4,0.039,13.0,67.0,0.9915,3.05,0.49,10.9,6
1,6.6,0.2,0.38,7.9,0.052,30.0,145.0,0.9947,3.32,0.56,11.0,7
1,6.3,0.33,0.2,5.8,0.04,24.0,144.0,0.99425,3.15,0.63,9.9,5
1,6.2,0.33,0.19,5.6,0.042,22.0,143.0,0.99425,3.15,0.63,9.9,5
1,6.3,0.34,0.19,5.8,0.041,22.0,145.0,0.9943,3.15,0.63,9.9,5
1,6.3,0.27,0.23,2.9,0.047,13.0,100.0,0.9936,3.28,0.43,9.8,5
1,6.7,0.25,0.33,2.9,0.057,52.0,173.0,0.9934,3.02,0.48,9.5,7
1,6.4,0.43,0.32,1.4,0.048,10.0,67.0,0.992,3.08,0.41,11.4,5
1,7.6,0.345,0.26,1.9,0.043,15.0,134.0,0.9936,3.08,0.38,9.5,5
1,7.6,0.22,0.34,9.7,0.035,26.0,143.0,0.9965,3.08,0.49,9.8,6
1,7.6,0.22,0.34,9.7,0.035,26.0,143.0,0.9965,3.08,0.49,9.8,6
1,7.6,0.345,0.26,1.9,0.043,15.0,134.0,0.9936,3.08,0.38,9.5,5
1,7.5,0.32,0.26,1.8,0.042,13.0,133.0,0.9938,3.07,0.38,9.5,5
1,8.0,0.42,0.36,5.0,0.037,34.0,101.0,0.992,3.13,0.57,12.3,7
1,6.5,0.34,0.28,1.8,0.041,43.0,188.0,0.9928,3.13,0.37,9.6,6
1,7.6,0.3,0.25,4.3,0.054,22.0,111.0,0.9956,3.12,0.49,9.2,5
1,7.7,0.28,0.33,6.7,0.037,32.0,155.0,0.9951,3.39,0.62,10.7,7
1,7.7,0.28,0.33,6.7,0.037,32.0,155.0,0.9951,3.39,0.62,10.7,7
1,6.0,0.41,0.21,1.9,0.05,29.0,122.0,0.9928,3.42,0.52,10.5,6
1,7.4,0.28,0.3,5.3,0.054,44.0,161.0,0.9941,3.12,0.48,10.3,6
1,7.4,0.3,0.3,5.2,0.053,45.0,163.0,0.9941,3.12,0.45,10.3,6
1,8.6,0.18,0.36,1.8,0.04,24.0,187.0,0.9956,3.25,0.55,9.5,6
1,7.8,0.27,0.34,1.6,0.046,27.0,154.0,0.9927,3.05,0.45,10.5,6
1,6.1,0.24,0.27,9.8,0.062,33.0,152.0,0.9966,3.31,0.47,9.5,6
1,8.0,0.19,0.36,1.8,0.05,16.0,84.0,0.9936,3.15,0.45,9.8,7
1,6.9,0.24,0.39,1.3,0.063,18.0,136.0,0.9928,3.31,0.48,10.4,7
1,6.6,0.18,0.28,3.3,0.044,18.0,91.0,0.993,3.42,0.64,10.8,6
1,8.6,0.2,0.42,1.5,0.041,35.0,125.0,0.9925,3.11,0.49,11.4,7
1,8.6,0.2,0.42,1.5,0.041,35.0,125.0,0.9925,3.11,0.49,11.4,7
1,7.6,0.19,0.38,10.6,0.06,48.0,174.0,0.9962,3.13,0.38,10.5,6
1,7.0,0.24,0.35,1.5,0.052,51.0,128.0,0.9941,3.41,0.59,10.4,7
1,7.1,0.47,0.24,6.0,0.044,11.0,77.0,0.9956,3.21,0.56,9.7,5
1,7.2,0.21,0.37,1.6,0.049,23.0,94.0,0.9924,3.16,0.48,10.9,7
1,8.0,0.26,0.36,2.0,0.054,30.0,121.0,0.992,3.09,0.72,11.6,7
1,7.0,0.21,0.28,7.5,0.07,45.0,185.0,0.9966,3.34,0.55,9.4,5
1,8.1,0.26,0.37,1.9,0.072,48.0,159.0,0.9949,3.37,0.7,10.9,6
1,7.5,0.19,0.34,2.6,0.037,33.0,125.0,0.9923,3.1,0.49,11.1,7
1,6.9,0.2,0.36,1.5,0.031,38.0,147.0,0.9931,3.35,0.56,11.0,6
1,6.2,0.55,0.45,12.0,0.049,27.0,186.0,0.9974,3.17,0.5,9.3,6
1,7.5,0.28,0.33,7.7,0.048,42.0,180.0,0.9974,3.37,0.59,10.1,6
1,7.8,0.26,0.44,1.3,0.037,43.0,132.0,0.9944,3.18,0.65,10.0,5
1,6.3,0.27,0.25,5.8,0.038,52.0,155.0,0.995,3.28,0.38,9.4,6
1,6.3,0.27,0.25,5.8,0.038,52.0,155.0,0.995,3.28,0.38,9.4,6
1,6.5,0.28,0.26,8.8,0.04,44.0,139.0,0.9956,3.32,0.37,10.2,6
1,6.3,0.27,0.25,5.8,0.038,52.0,155.0,0.995,3.28,0.38,9.4,6
1,8.0,0.18,0.37,1.3,0.04,15.0,96.0,0.9912,3.06,0.61,12.1,6
1,7.4,0.18,0.4,1.6,0.047,22.0,102.0,0.9937,3.28,0.44,10.7,5
1,6.0,0.4,0.3,1.6,0.047,30.0,117.0,0.9931,3.17,0.48,10.1,6
1,6.6,0.25,0.39,1.45,0.04,40.0,89.0,0.9911,3.35,0.4,11.4,7
1,6.3,0.55,0.45,13.0,0.047,33.0,182.0,0.9974,3.2,0.46,9.2,6
1,6.9,0.23,0.34,4.0,0.047,24.0,128.0,0.9944,3.2,0.52,9.7,6
1,7.4,0.41,0.34,4.7,0.042,19.0,127.0,0.9953,3.25,0.42,10.4,5
1,7.2,0.24,0.3,1.6,0.048,27.0,131.0,0.9933,3.25,0.45,10.5,5
1,7.2,0.25,0.32,1.5,0.047,27.0,132.0,0.9933,3.26,0.44,10.5,5
1,6.6,0.25,0.41,7.4,0.043,29.0,151.0,0.9946,3.15,0.6,10.2,7
1,7.4,0.23,0.43,1.4,0.044,22.0,113.0,0.9938,3.22,0.62,10.6,6
1,7.7,0.25,0.43,4.5,0.062,20.0,115.0,0.9966,3.38,0.5,9.9,6
1,7.4,0.22,0.33,2.0,0.045,31.0,101.0,0.9931,3.42,0.55,11.4,5
1,7.4,0.22,0.33,2.0,0.045,31.0,101.0,0.9931,3.42,0.55,11.4,5
1,6.3,0.21,0.4,1.7,0.031,48.0,134.0,0.9917,3.42,0.49,11.5,6
1,7.6,0.32,0.36,1.6,0.04,32.0,155.0,0.993,3.23,0.52,11.3,6
1,8.0,0.28,0.42,7.1,0.045,41.0,169.0,0.9959,3.17,0.43,10.6,5
1,8.0,0.28,0.42,7.1,0.045,41.0,169.0,0.9959,3.17,0.43,10.6,5
1,7.2,0.23,0.39,2.3,0.033,29.0,102.0,0.9908,3.26,0.54,12.3,7
1,7.2,0.23,0.39,2.3,0.033,29.0,102.0,0.9908,3.26,0.54,12.3,7
1,6.9,0.18,0.38,6.5,0.039,20.0,110.0,0.9943,3.1,0.42,10.5,5
1,7.7,0.39,0.3,5.2,0.037,29.0,131.0,0.9943,3.38,0.44,11.0,6
1,7.7,0.26,0.31,1.3,0.043,47.0,155.0,0.9937,3.42,0.5,10.1,6
1,7.4,0.18,0.42,2.1,0.036,33.0,187.0,0.9938,3.4,0.41,10.6,7
1,8.0,0.2,0.4,5.2,0.055,41.0,167.0,0.9953,3.18,0.4,10.6,7
1,7.3,0.25,0.41,1.8,0.037,52.0,165.0,0.9911,3.29,0.39,12.2,7
1,6.2,0.22,0.27,1.5,0.064,20.0,132.0,0.9938,3.22,0.46,9.2,6
1,7.0,0.24,0.36,4.9,0.083,10.0,133.0,0.9942,3.33,0.37,10.8,6
1,7.5,0.38,0.33,5.0,0.045,30.0,131.0,0.9942,3.32,0.44,10.9,6
1,6.3,0.23,0.22,3.75,0.039,37.0,116.0,0.9927,3.23,0.5,10.7,6
1,6.4,0.31,0.4,6.2,0.04,46.0,169.0,0.9953,3.15,0.46,9.3,6
1,6.8,0.26,0.33,1.5,0.047,44.0,167.0,0.9928,3.12,0.44,10.5,6
1,6.3,0.29,0.4,6.5,0.039,43.0,167.0,0.9953,3.15,0.44,9.3,6
1,6.5,0.19,0.32,1.4,0.04,31.0,132.0,0.9922,3.36,0.54,10.8,7
1,7.6,0.28,0.39,1.9,0.052,23.0,116.0,0.9941,3.25,0.4,10.4,6
1,8.3,0.26,0.41,9.2,0.042,41.0,162.0,0.9944,3.1,0.38,12.0,7
1,6.2,0.3,0.32,1.7,0.032,30.0,130.0,0.9911,3.28,0.41,11.2,7
1,6.9,0.28,0.41,1.7,0.05,10.0,136.0,0.993,3.16,0.71,11.4,6
1,6.9,0.28,0.3,1.6,0.047,46.0,132.0,0.9918,3.35,0.38,11.1,7
1,7.0,0.2,0.34,5.7,0.035,32.0,83.0,0.9928,3.19,0.46,11.5,6
1,7.1,0.26,0.32,5.9,0.037,39.0,97.0,0.9934,3.31,0.4,11.6,6
1,7.0,0.2,0.34,5.7,0.035,32.0,83.0,0.9928,3.19,0.46,11.5,6
1,8.1,0.29,0.49,7.1,0.042,22.0,124.0,0.9944,3.14,0.41,10.8,6
1,6.6,0.23,0.26,1.3,0.045,16.0,128.0,0.9934,3.36,0.6,10.0,6
1,6.2,0.18,0.49,4.5,0.047,17.0,90.0,0.9919,3.27,0.37,11.6,6
1,8.1,0.29,0.49,7.1,0.042,22.0,124.0,0.9944,3.14,0.41,10.8,6
1,6.1,0.22,0.49,1.5,0.051,18.0,87.0,0.9928,3.3,0.46,9.6,5
1,6.1,0.22,0.49,1.5,0.051,18.0,87.0,0.9928,3.3,0.46,9.6,5
1,7.0,0.18,0.49,5.3,0.04,34.0,125.0,0.9914,3.24,0.4,12.2,6
1,6.5,0.24,0.24,1.6,0.046,15.0,60.0,0.9928,3.19,0.39,9.8,5
1,7.0,0.2,0.49,5.9,0.038,39.0,128.0,0.9938,3.21,0.48,10.8,6
1,6.6,0.25,0.24,1.7,0.048,26.0,124.0,0.9942,3.37,0.6,10.1,6
1,8.0,0.3,0.49,9.4,0.046,47.0,188.0,0.9964,3.14,0.48,10.0,5
1,8.3,0.2,0.49,1.7,0.04,34.0,169.0,0.9938,3.05,0.37,10.1,5
1,7.9,0.2,0.49,1.6,0.053,15.0,144.0,0.993,3.16,0.47,10.5,5
1,8.0,0.18,0.49,1.8,0.061,10.0,145.0,0.9942,3.23,0.48,10.0,5
1,8.3,0.2,0.49,1.7,0.04,34.0,169.0,0.9938,3.05,0.37,10.1,5
1,8.3,0.2,0.49,1.7,0.038,38.0,167.0,0.9939,3.05,0.37,10.1,6
1,6.9,0.21,0.49,1.4,0.041,15.0,164.0,0.9927,3.25,0.63,11.0,5
1,8.0,0.25,0.49,9.0,0.044,31.0,185.0,0.998,3.34,0.49,10.0,6
1,6.7,0.29,0.49,4.7,0.034,35.0,156.0,0.9945,3.13,0.45,9.9,6
1,6.7,0.3,0.49,4.8,0.034,36.0,158.0,0.9945,3.12,0.45,9.9,6
1,7.9,0.18,0.49,5.2,0.051,36.0,157.0,0.9953,3.18,0.48,10.6,6
1,7.9,0.42,0.49,8.2,0.056,32.0,164.0,0.9965,3.29,0.6,11.2,7
1,7.6,0.23,0.49,10.0,0.036,45.0,182.0,0.9967,3.08,0.58,9.6,6
1,7.9,0.18,0.49,5.2,0.051,36.0,157.0,0.9953,3.18,0.48,10.6,6
1,8.5,0.19,0.49,3.5,0.044,29.0,117.0,0.9938,3.14,0.51,10.1,6
1,7.5,0.19,0.49,1.8,0.055,19.0,110.0,0.9946,3.33,0.44,9.9,5
1,6.2,0.27,0.49,1.4,0.05,20.0,74.0,0.9931,3.32,0.44,9.8,6
1,7.5,0.19,0.49,1.6,0.047,42.0,140.0,0.9932,3.4,0.47,10.7,6
1,6.2,0.2,0.49,1.6,0.065,17.0,143.0,0.9937,3.22,0.52,9.2,6
1,6.4,0.26,0.49,6.4,0.037,37.0,161.0,0.9954,3.38,0.53,9.7,6
1,7.4,0.19,0.49,6.7,0.037,15.0,110.0,0.9938,3.2,0.38,11.0,7
1,7.9,0.22,0.49,3.8,0.042,26.0,105.0,0.993,3.1,0.39,10.5,5
1,6.4,0.22,0.49,7.5,0.054,42.0,151.0,0.9948,3.27,0.52,10.1,6
1,8.1,0.3,0.49,12.3,0.049,50.0,144.0,0.9971,3.09,0.57,10.2,7
1,7.5,0.24,0.49,9.4,0.048,50.0,149.0,0.9962,3.17,0.59,10.5,7
1,6.4,0.22,0.49,7.5,0.054,42.0,151.0,0.9948,3.27,0.52,10.1,6
1,7.1,0.3,0.49,1.6,0.045,31.0,100.0,0.9942,3.4,0.59,10.2,5
1,7.8,0.28,0.49,1.3,0.046,27.0,142.0,0.9936,3.09,0.59,10.2,5
1,7.8,0.4,0.49,7.8,0.06,34.0,162.0,0.9966,3.26,0.58,11.3,6
1,7.8,0.24,0.18,6.7,0.046,33.0,160.0,0.9963,3.2,0.56,9.8,6
1,6.2,0.3,0.2,6.6,0.045,42.0,170.0,0.9944,3.36,0.45,10.4,6
1,6.4,0.35,0.2,5.7,0.034,18.0,117.0,0.9944,3.33,0.43,10.1,5
1,7.2,0.21,0.33,3.0,0.036,35.0,132.0,0.9928,3.25,0.4,11.0,6
1,6.3,0.26,0.29,2.2,0.043,35.0,175.0,0.9918,3.38,0.43,11.6,6
1,6.7,0.33,0.42,6.4,0.058,27.0,151.0,0.9954,3.16,0.44,9.6,5
1,6.7,0.31,0.42,6.4,0.057,25.0,148.0,0.9955,3.16,0.45,9.6,5
1,6.6,0.25,0.31,1.5,0.035,32.0,127.0,0.9921,3.41,0.47,11.3,6
1,6.4,0.24,0.22,1.5,0.038,38.0,157.0,0.9934,3.41,0.55,9.9,6
1,8.1,0.31,0.24,1.6,0.032,10.0,67.0,0.9924,3.08,0.47,10.5,5
1,7.0,0.2,0.3,6.1,0.037,31.0,120.0,0.9939,3.24,0.51,10.8,5
1,7.9,0.18,0.37,3.0,0.061,25.0,178.0,0.995,3.22,0.51,10.0,6
1,6.6,0.34,0.27,6.2,0.059,23.0,136.0,0.9957,3.3,0.49,10.1,6
1,7.0,0.21,0.31,6.0,0.046,29.0,108.0,0.9939,3.26,0.5,10.8,6
1,6.8,0.27,0.32,1.5,0.044,19.0,142.0,0.9921,3.1,0.43,9.9,6
1,7.0,0.3,0.32,6.4,0.034,28.0,97.0,0.9924,3.23,0.44,11.8,6
1,7.5,0.22,0.33,6.7,0.036,45.0,138.0,0.9939,3.2,0.68,11.4,6
1,6.6,0.37,0.47,6.5,0.061,23.0,150.0,0.9954,3.14,0.45,9.6,6
1,8.3,0.3,0.36,10.0,0.042,33.0,169.0,0.9982,3.23,0.51,9.3,6
1,7.5,0.22,0.29,4.8,0.05,33.0,87.0,0.994,3.14,0.42,9.9,5
1,8.3,0.3,0.36,10.0,0.042,33.0,169.0,0.9982,3.23,0.51,9.3,6
1,7.4,0.18,0.3,10.4,0.045,44.0,174.0,0.9966,3.11,0.57,9.7,6
1,7.4,0.23,0.25,1.4,0.049,43.0,141.0,0.9934,3.42,0.54,10.2,7
1,8.0,0.3,0.28,5.7,0.044,31.0,124.0,0.9948,3.16,0.51,10.2,6
1,7.3,0.21,0.3,10.9,0.037,18.0,112.0,0.997,3.4,0.5,9.6,6
1,7.7,0.43,0.28,4.5,0.046,33.0,102.0,0.9918,3.16,0.56,12.2,7
1,7.8,0.39,0.26,9.9,0.059,33.0,181.0,0.9955,3.04,0.42,10.9,6
1,6.5,0.18,0.26,1.4,0.041,40.0,141.0,0.9941,3.34,0.72,9.5,6
1,7.8,0.4,0.26,9.5,0.059,32.0,178.0,0.9955,3.04,0.43,10.9,6
1,7.8,0.39,0.26,9.9,0.059,33.0,181.0,0.9955,3.04,0.42,10.9,6
1,6.9,0.19,0.28,3.0,0.054,33.0,99.0,0.9924,3.16,0.4,10.8,6
1,6.5,0.18,0.26,1.4,0.041,40.0,141.0,0.9941,3.34,0.72,9.5,6
1,8.7,0.45,0.4,1.5,0.067,17.0,100.0,0.9957,3.27,0.57,10.1,6
1,6.7,0.24,0.29,6.8,0.038,54.0,127.0,0.9932,3.33,0.46,11.6,7
1,7.4,0.33,0.26,2.6,0.04,29.0,115.0,0.9913,3.07,0.52,11.8,7
1,7.2,0.26,0.3,2.1,0.033,50.0,158.0,0.9909,3.33,0.43,12.1,7
1,6.4,0.33,0.24,1.6,0.054,25.0,117.0,0.9943,3.36,0.5,9.3,5
1,7.8,0.22,0.36,1.4,0.056,21.0,153.0,0.993,3.2,0.53,10.4,6
1,6.6,0.37,0.24,2.0,0.064,23.0,120.0,0.9946,3.32,0.54,9.4,5
1,6.7,0.37,0.41,6.3,0.061,22.0,149.0,0.9953,3.16,0.47,9.6,6
1,7.1,0.37,0.32,1.4,0.037,27.0,126.0,0.9918,3.19,0.62,12.0,5
1,6.4,0.26,0.21,7.1,0.04,35.0,162.0,0.9956,3.39,0.58,9.9,6
1,6.4,0.26,0.21,7.1,0.04,35.0,162.0,0.9956,3.39,0.58,9.9,6
1,7.5,0.33,0.39,12.4,0.065,29.0,119.0,0.9974,3.16,0.39,9.4,5
1,7.6,0.38,0.2,3.4,0.046,9.0,116.0,0.9944,3.15,0.41,9.4,5
1,7.5,0.33,0.39,12.4,0.065,29.0,119.0,0.9974,3.16,0.39,9.4,5
1,6.6,0.36,0.21,1.5,0.049,39.0,184.0,0.9928,3.18,0.41,9.9,6
1,7.6,0.38,0.2,3.4,0.046,9.0,116.0,0.9944,3.15,0.41,9.4,5
1,6.8,0.3,0.35,2.8,0.038,10.0,164.0,0.9912,3.09,0.53,12.0,6
1,6.8,0.3,0.35,2.8,0.038,10.0,164.0,0.9912,3.09,0.53,12.0,6
1,7.4,0.29,0.31,1.7,0.035,23.0,110.0,0.9926,3.07,0.38,10.9,5
1,7.1,0.32,0.4,1.5,0.034,13.0,84.0,0.9944,3.42,0.6,10.4,5
1,7.7,0.44,0.24,11.2,0.031,41.0,167.0,0.9948,3.12,0.43,11.3,7
1,7.7,0.44,0.24,11.2,0.031,41.0,167.0,0.9948,3.12,0.43,11.3,7
1,7.7,0.44,0.24,11.2,0.031,41.0,167.0,0.9948,3.12,0.43,11.3,7
1,7.2,0.24,0.29,2.2,0.037,37.0,102.0,0.992,3.27,0.64,11.0,7
1,7.2,0.24,0.29,2.2,0.037,37.0,102.0,0.992,3.27,0.64,11.0,7
1,7.1,0.25,0.25,1.6,0.046,50.0,181.0,0.9925,3.2,0.42,11.0,7
1,8.3,0.27,0.39,2.4,0.058,16.0,107.0,0.9955,3.28,0.59,10.3,5
1,6.8,0.24,0.35,6.4,0.048,44.0,172.0,0.9944,3.29,0.55,10.5,7
1,7.4,0.21,0.27,7.3,0.031,41.0,144.0,0.9932,3.15,0.38,11.8,7
1,8.2,0.18,0.28,8.5,0.035,41.0,140.0,0.9952,3.04,0.37,10.1,7
1,6.3,0.19,0.21,1.8,0.049,35.0,163.0,0.9924,3.31,0.5,10.3,6
1,7.0,0.21,0.22,5.1,0.048,38.0,168.0,0.9945,3.34,0.49,10.4,6
1,8.0,0.19,0.3,2.0,0.053,48.0,140.0,0.994,3.18,0.49,9.6,6
1,6.8,0.35,0.44,6.5,0.056,31.0,161.0,0.9952,3.14,0.44,9.5,5
1,7.2,0.31,0.41,8.6,0.053,15.0,89.0,0.9976,3.29,0.64,9.9,6
1,6.0,0.28,0.35,1.9,0.037,16.0,120.0,0.9933,3.16,0.69,10.6,5
1,6.6,0.25,0.36,8.1,0.045,54.0,180.0,0.9958,3.08,0.42,9.2,5
1,8.3,0.23,0.3,2.1,0.049,21.0,153.0,0.9953,3.09,0.5,9.6,6
1,6.6,0.25,0.36,8.1,0.045,54.0,180.0,0.9958,3.08,0.42,9.2,5
1,8.1,0.26,0.33,11.1,0.052,52.5,158.0,0.9976,3.03,0.49,10.2,7
1,7.1,0.25,0.28,1.6,0.052,46.0,169.0,0.9926,3.05,0.41,10.5,5
1,8.8,0.34,0.33,9.7,0.036,46.0,172.0,0.9966,3.08,0.4,10.2,5
1,6.8,0.28,0.36,1.6,0.04,25.0,87.0,0.9924,3.23,0.66,10.3,6
1,8.8,0.34,0.33,9.7,0.036,46.0,172.0,0.9966,3.08,0.4,10.2,5
1,7.2,0.19,0.31,1.4,0.046,37.0,135.0,0.9939,3.34,0.57,10.2,7
1,6.7,0.31,0.44,6.7,0.054,29.0,160.0,0.9952,3.04,0.44,9.6,5
1,8.2,0.21,0.48,1.4,0.041,11.0,99.0,0.9958,3.17,0.57,9.9,5
1,8.0,0.23,0.35,9.2,0.044,53.0,186.0,0.997,3.09,0.56,9.5,7
1,8.3,0.49,0.43,2.5,0.036,32.0,116.0,0.9944,3.23,0.47,10.7,6
1,7.6,0.2,0.26,4.5,0.086,37.0,133.0,0.9963,3.15,0.42,9.2,5
1,8.4,0.2,0.27,6.3,0.048,30.0,143.0,0.9966,3.25,0.5,9.1,6
1,7.4,0.3,0.22,5.25,0.053,33.0,180.0,0.9926,3.13,0.45,11.6,6
1,7.4,0.3,0.22,5.25,0.053,33.0,180.0,0.9926,3.13,0.45,11.6,6
1,8.0,0.4,0.33,7.7,0.034,27.0,98.0,0.9935,3.18,0.41,12.2,7
1,6.8,0.18,0.46,1.4,0.064,37.0,160.0,0.9924,3.37,0.45,11.1,5
1,7.0,0.2,0.34,2.1,0.049,12.0,136.0,0.9922,3.25,0.46,11.6,7
1,7.7,0.26,0.34,6.4,0.05,36.0,163.0,0.9937,3.19,0.7,11.5,6
1,6.3,0.21,0.28,1.5,0.051,46.0,142.0,0.9928,3.23,0.42,10.1,6
1,6.3,0.21,0.28,1.5,0.051,46.0,142.0,0.9928,3.23,0.42,10.1,6
1,7.6,0.29,0.26,6.5,0.042,32.0,160.0,0.9944,3.14,0.47,10.7,5
1,7.9,0.35,0.36,1.6,0.038,11.0,124.0,0.9928,3.25,0.48,11.0,5
1,7.6,0.29,0.26,6.5,0.042,32.0,160.0,0.9944,3.14,0.47,10.7,5
1,8.3,0.33,0.43,9.2,0.046,22.0,126.0,0.9982,3.38,0.47,9.3,5
1,6.8,0.34,0.44,6.6,0.052,28.0,156.0,0.9955,3.14,0.41,9.6,5
1,6.8,0.33,0.44,7.0,0.05,29.0,155.0,0.9955,3.14,0.42,9.5,5
1,6.3,0.28,0.24,8.45,0.031,32.0,172.0,0.9958,3.39,0.57,9.7,7
1,6.7,0.23,0.33,1.8,0.036,23.0,96.0,0.9925,3.32,0.4,10.8,6
1,7.8,0.27,0.28,1.8,0.05,21.0,127.0,0.9934,3.15,0.44,9.9,5
1,7.7,0.28,0.29,4.3,0.051,25.0,142.0,0.9939,3.16,0.39,10.2,5
1,7.6,0.29,0.29,4.4,0.051,26.0,146.0,0.9939,3.16,0.39,10.2,5
1,7.3,0.34,0.3,1.3,0.057,25.0,173.0,0.9948,3.26,0.51,9.1,6
1,6.5,0.19,0.26,5.2,0.04,31.0,140.0,0.995,3.26,0.68,9.5,6
1,6.8,0.36,0.32,1.6,0.039,10.0,124.0,0.9948,3.3,0.67,9.6,5
1,6.8,0.36,0.32,1.6,0.039,10.0,124.0,0.9948,3.3,0.67,9.6,5
1,7.2,0.25,0.19,8.0,0.044,51.0,172.0,0.9964,3.16,0.44,9.2,5
1,7.2,0.24,0.19,7.7,0.045,53.0,176.0,0.9958,3.17,0.38,9.5,5
1,6.7,0.24,0.33,12.3,0.046,31.0,145.0,0.9983,3.36,0.4,9.5,5
1,6.7,0.24,0.33,12.3,0.046,31.0,145.0,0.9983,3.36,0.4,9.5,5
1,8.1,0.24,0.33,10.2,0.048,46.0,141.0,0.9972,3.16,0.48,10.3,6
1,7.7,0.39,0.28,4.9,0.035,36.0,109.0,0.9918,3.19,0.58,12.2,7
1,7.7,0.39,0.28,4.9,0.035,36.0,109.0,0.9918,3.19,0.58,12.2,7
1,6.0,0.28,0.22,12.15,0.048,42.0,163.0,0.9957,3.2,0.46,10.1,5
1,6.8,0.28,0.39,1.4,0.036,15.0,115.0,0.9918,3.27,0.72,11.7,5
1,7.0,0.35,0.24,1.9,0.04,21.0,144.0,0.9923,3.35,0.38,11.0,5
1,6.8,0.26,0.32,7.0,0.041,38.0,118.0,0.9939,3.25,0.52,10.8,6
1,7.9,0.18,0.36,5.9,0.058,31.0,132.0,0.995,3.25,0.52,10.9,6
1,8.2,0.21,0.32,10.65,0.053,53.0,145.0,0.9972,3.17,0.48,10.2,6
1,7.2,0.2,0.31,10.0,0.054,49.0,165.0,0.997,3.4,0.42,9.9,6
1,6.8,0.24,0.34,5.1,0.038,31.0,99.0,0.9921,3.24,0.46,11.8,6
1,7.0,0.22,0.33,2.1,0.052,15.0,76.0,0.993,3.2,0.41,10.6,6
1,7.5,0.18,0.39,1.9,0.054,23.0,91.0,0.9941,3.27,0.45,10.3,6
1,7.8,0.29,0.33,8.75,0.035,33.0,181.0,0.9962,3.11,0.46,10.7,5
1,7.0,0.35,0.31,1.8,0.069,15.0,162.0,0.9944,3.18,0.47,9.4,5
1,7.0,0.35,0.31,1.8,0.069,15.0,162.0,0.9944,3.18,0.47,9.4,5
1,7.7,0.24,0.31,1.3,0.047,33.0,106.0,0.993,3.22,0.55,10.8,6
1,8.0,0.36,0.43,10.1,0.053,29.0,146.0,0.9982,3.4,0.46,9.5,6
1,7.4,0.29,0.25,3.8,0.044,30.0,114.0,0.992,3.11,0.4,11.0,6
1,6.6,0.32,0.27,10.9,0.041,37.0,146.0,0.9963,3.24,0.47,10.0,5
1,6.3,0.3,0.24,6.6,0.04,38.0,141.0,0.995,3.22,0.47,9.5,5
1,6.4,0.33,0.24,9.8,0.041,29.0,109.0,0.9956,3.29,0.47,10.1,6
1,7.5,0.18,0.31,11.7,0.051,24.0,94.0,0.997,3.19,0.44,9.5,7
1,6.8,0.25,0.18,1.4,0.056,13.0,137.0,0.9935,3.11,0.42,9.5,5
1,6.4,0.18,0.32,9.6,0.052,24.0,90.0,0.9963,3.35,0.49,9.4,6
1,7.9,0.28,0.41,4.9,0.058,31.0,153.0,0.9966,3.27,0.51,9.7,6
1,6.4,0.18,0.32,9.6,0.052,24.0,90.0,0.9963,3.35,0.49,9.4,6
1,6.8,0.25,0.18,1.4,0.056,13.0,137.0,0.9935,3.11,0.42,9.5,5
1,7.1,0.26,0.19,8.2,0.051,53.0,187.0,0.996,3.16,0.52,9.7,5
1,6.4,0.24,0.23,7.3,0.069,31.0,157.0,0.9962,3.25,0.53,9.1,5
1,6.0,0.28,0.27,2.3,0.051,23.0,147.0,0.994,3.23,0.67,10.3,6
1,7.1,0.26,0.19,8.2,0.051,53.0,187.0,0.996,3.16,0.52,9.7,5
1,7.8,0.24,0.38,2.1,0.058,14.0,167.0,0.994,3.21,0.55,9.9,5
1,7.6,0.27,0.33,2.0,0.059,19.0,175.0,0.9944,3.22,0.56,9.9,5
1,7.7,0.39,0.34,10.0,0.056,35.0,178.0,0.9974,3.26,0.6,10.2,5
1,6.6,0.23,0.24,3.9,0.045,36.0,138.0,0.9922,3.15,0.64,11.3,7
1,7.1,0.26,0.3,2.0,0.031,13.0,128.0,0.9917,3.19,0.49,11.4,5
1,7.0,0.32,0.35,1.5,0.039,24.0,125.0,0.9918,3.17,0.64,12.2,6
1,7.4,0.24,0.26,1.6,0.058,53.0,150.0,0.9936,3.18,0.5,9.9,7
1,7.0,0.32,0.35,1.5,0.039,24.0,125.0,0.9918,3.17,0.64,12.2,6
1,7.1,0.26,0.3,2.0,0.031,13.0,128.0,0.9917,3.19,0.49,11.4,5
1,7.8,0.3,0.37,1.3,0.051,16.0,96.0,0.9941,3.32,0.62,10.0,5
1,8.1,0.25,0.38,3.8,0.051,18.0,129.0,0.9928,3.21,0.38,11.5,6
1,8.0,0.45,0.28,10.8,0.051,25.0,157.0,0.9957,3.06,0.47,11.4,7
1,6.9,0.23,0.33,12.8,0.056,44.0,169.0,0.998,3.42,0.42,9.8,6
1,8.0,0.45,0.28,10.8,0.051,25.0,157.0,0.9957,3.06,0.47,11.4,7
1,6.5,0.39,0.35,1.6,0.049,10.0,164.0,0.99516,3.35,0.51,9.7,5
1,6.9,0.44,0.42,8.5,0.048,10.0,147.0,0.9974,3.32,0.46,9.5,6
1,7.1,0.28,0.19,7.8,0.04,48.0,184.0,0.99579,3.16,0.5,9.4,5
1,6.9,0.44,0.42,8.5,0.048,10.0,147.0,0.9974,3.32,0.46,9.5,6
1,7.2,0.29,0.18,8.2,0.042,41.0,180.0,0.99644,3.16,0.49,9.1,5
1,7.1,0.28,0.19,7.8,0.04,48.0,184.0,0.99579,3.16,0.5,9.4,5
1,7.5,0.31,0.24,7.1,0.031,28.0,141.0,0.99397,3.16,0.38,10.6,7
1,7.4,0.2,0.29,1.7,0.047,16.0,100.0,0.99243,3.28,0.45,10.6,6
1,7.2,0.29,0.2,7.7,0.046,51.0,174.0,0.99582,3.16,0.52,9.5,5
1,6.2,0.26,0.19,3.4,0.049,47.0,172.0,0.9924,3.14,0.43,10.4,6
1,7.3,0.21,0.21,1.6,0.046,35.0,133.0,0.99466,3.38,0.46,10.0,6
1,8.5,0.25,0.31,2.8,0.032,11.0,61.0,0.99189,3.06,0.44,11.5,6
1,6.2,0.25,0.28,8.5,0.035,28.0,108.0,0.99486,3.4,0.42,10.4,6
1,6.1,0.46,0.32,6.2,0.053,10.0,94.0,0.99537,3.35,0.47,10.1,5
1,7.0,0.32,0.31,6.4,0.031,38.0,115.0,0.99235,3.38,0.58,12.2,7
1,6.9,0.28,0.31,7.2,0.04,47.0,168.0,0.9946,3.29,0.57,10.6,7
1,7.0,0.32,0.31,6.4,0.031,38.0,115.0,0.99235,3.38,0.58,12.2,7
1,6.9,0.44,0.18,11.8,0.051,26.0,126.0,0.9975,3.23,0.48,9.1,5
1,7.5,0.42,0.2,1.4,0.06,15.0,168.0,0.9944,3.06,0.4,9.4,6
1,7.0,0.36,0.3,5.0,0.04,40.0,143.0,0.99173,3.33,0.42,12.2,7
1,8.1,0.28,0.34,1.3,0.035,11.0,126.0,0.99232,3.14,0.5,9.8,6
1,7.0,0.22,0.26,2.8,0.036,44.0,132.0,0.99078,3.34,0.41,12.0,7
1,7.0,0.19,0.33,6.3,0.032,42.0,127.0,0.99182,3.31,0.38,12.2,6
1,7.7,0.42,0.38,8.1,0.061,49.0,144.0,0.9966,3.4,0.58,11.0,6
1,7.4,0.2,0.31,1.6,0.038,34.0,116.0,0.9912,3.25,0.39,12.0,7
1,8.0,0.2,0.3,8.1,0.037,42.0,130.0,0.99379,3.1,0.67,11.8,6
1,7.6,0.2,0.34,1.8,0.041,42.0,148.0,0.99335,3.35,0.66,11.1,6
1,7.6,0.3,0.4,2.2,0.054,29.0,175.0,0.99445,3.19,0.53,9.8,5
1,8.3,0.27,0.34,10.2,0.048,50.0,118.0,0.99716,3.18,0.51,10.3,5
1,7.0,0.23,0.26,7.2,0.041,21.0,90.0,0.99509,3.22,0.55,9.5,6
1,7.0,0.23,0.26,7.2,0.041,21.0,90.0,0.99509,3.22,0.55,9.5,6
1,7.0,0.18,0.26,1.4,0.044,46.0,89.0,0.99256,3.39,0.48,10.7,7
1,7.1,0.34,0.32,2.0,0.051,29.0,130.0,0.99354,3.3,0.5,10.4,6
1,8.1,0.25,0.34,10.1,0.05,30.0,121.0,0.99724,3.17,0.49,10.1,6
1,8.2,0.25,0.46,3.75,0.05,14.0,102.0,0.99524,3.28,0.58,9.7,5
1,6.7,0.24,0.26,12.6,0.053,44.0,182.0,0.99802,3.42,0.42,9.7,5
1,7.2,0.3,0.3,8.1,0.05,40.0,188.0,0.99652,3.15,0.49,9.1,6
1,7.2,0.2,0.3,2.0,0.039,43.0,188.0,0.9911,3.3,0.41,12.0,6
1,7.0,0.32,0.29,4.9,0.036,41.0,150.0,0.99168,3.38,0.43,12.2,6
1,7.2,0.2,0.3,2.0,0.039,43.0,188.0,0.9911,3.3,0.41,12.0,6
1,7.0,0.22,0.29,8.9,0.05,24.0,90.0,0.99556,3.29,0.46,9.8,6
1,6.5,0.24,0.29,8.2,0.043,32.0,156.0,0.99453,3.13,0.7,10.1,6
1,6.5,0.19,0.27,4.9,0.037,13.0,101.0,0.9916,3.17,0.41,11.8,6
1,7.6,0.31,0.27,5.8,0.036,23.0,109.0,0.99399,3.34,0.54,11.0,6
1,7.2,0.24,0.29,3.0,0.036,17.0,117.0,0.99411,3.36,0.68,10.1,6
1,7.2,0.24,0.29,3.0,0.036,17.0,117.0,0.99411,3.36,0.68,10.1,6
1,7.3,0.22,0.26,1.5,0.04,32.0,172.0,0.99194,3.27,0.48,11.2,6
1,7.3,0.22,0.26,1.5,0.04,32.0,172.0,0.99194,3.27,0.48,11.2,6
1,6.9,0.43,0.28,9.4,0.056,29.0,183.0,0.99594,3.17,0.43,9.4,5
1,8.0,0.26,0.28,4.8,0.05,34.0,150.0,0.99437,3.13,0.5,10.0,6
1,6.9,0.43,0.28,9.4,0.056,29.0,183.0,0.99594,3.17,0.43,9.4,5
1,6.6,0.26,0.27,1.5,0.04,19.0,114.0,0.99295,3.36,0.62,10.5,6
1,6.6,0.56,0.15,10.0,0.037,38.0,157.0,0.99642,3.28,0.52,9.4,5
1,6.6,0.56,0.15,10.0,0.037,38.0,157.0,0.99642,3.28,0.52,9.4,5
1,8.1,0.33,0.36,7.4,0.037,36.0,156.0,0.99592,3.19,0.54,10.6,6
1,8.1,0.33,0.36,7.4,0.037,36.0,156.0,0.99592,3.19,0.54,10.6,6
1,7.0,0.28,0.32,1.7,0.038,27.0,128.0,0.99375,3.2,0.62,10.2,6
1,7.6,0.25,0.34,1.3,0.056,34.0,176.0,0.99434,3.1,0.51,9.5,5
1,8.8,0.24,0.23,10.3,0.032,12.0,97.0,0.99571,3.13,0.4,10.7,6
1,6.1,0.27,0.31,1.5,0.035,17.0,83.0,0.99076,3.32,0.44,11.1,7
1,6.1,0.27,0.31,1.5,0.035,17.0,83.0,0.99076,3.32,0.44,11.1,7
1,6.6,0.24,0.3,13.0,0.052,18.0,143.0,0.99825,3.37,0.49,9.4,6
1,6.3,0.18,0.22,1.5,0.043,45.0,155.0,0.99238,3.19,0.48,10.2,5
1,8.6,0.23,0.25,11.3,0.031,13.0,96.0,0.99645,3.11,0.4,10.8,5
1,6.9,0.26,0.31,7.0,0.039,37.0,175.0,0.99376,3.32,0.49,11.4,6
1,8.5,0.3,0.28,3.1,0.054,54.0,174.0,0.99543,3.21,0.43,9.4,6
1,7.1,0.34,0.31,5.2,0.032,36.0,140.0,0.99166,3.35,0.47,12.3,7
1,6.6,0.26,0.25,11.6,0.045,45.0,178.0,0.99691,3.33,0.43,9.8,6
1,6.9,0.34,0.36,1.4,0.032,13.0,145.0,0.99214,3.07,0.52,9.8,5
1,7.1,0.32,0.29,4.0,0.038,33.0,170.0,0.99463,3.27,0.64,10.2,6
1,8.2,0.2,0.38,3.5,0.053,41.0,174.0,0.99306,3.22,0.41,11.6,5
1,6.8,0.23,0.3,1.7,0.043,19.0,95.0,0.99207,3.17,0.46,10.7,7
1,6.9,0.32,0.3,1.8,0.036,28.0,117.0,0.99269,3.24,0.48,11.0,6
1,7.2,0.22,0.24,1.4,0.041,17.0,159.0,0.99196,3.25,0.53,11.2,6
1,6.7,0.5,0.38,7.5,0.046,26.0,175.0,0.99662,3.32,0.54,9.6,5
1,6.2,0.33,0.14,4.8,0.052,27.0,128.0,0.99475,3.21,0.48,9.4,5
1,6.2,0.33,0.14,4.8,0.052,27.0,128.0,0.99475,3.21,0.48,9.4,5
1,6.9,0.28,0.22,10.0,0.052,36.0,131.0,0.99696,3.08,0.46,9.6,5
1,6.6,0.24,0.24,8.6,0.034,25.0,135.0,0.99582,3.33,0.59,10.3,6
1,6.3,0.34,0.36,4.9,0.035,31.0,185.0,0.9946,3.15,0.49,9.7,5
1,7.3,0.32,0.29,1.5,0.038,32.0,144.0,0.99296,3.2,0.55,10.8,5
1,6.3,0.21,0.29,11.7,0.048,49.0,147.0,0.99482,3.22,0.38,10.8,5
1,6.3,0.27,0.46,11.1,0.053,44.0,177.0,0.99691,3.18,0.67,9.4,5
1,6.6,0.35,0.35,6.0,0.063,31.0,150.0,0.99537,3.1,0.47,9.4,6
1,8.1,0.33,0.22,5.2,0.047,24.0,151.0,0.99527,3.22,0.47,10.3,5
1,7.0,0.34,0.39,6.9,0.066,43.0,162.0,0.99561,3.11,0.53,9.5,5
1,6.7,0.33,0.34,6.6,0.067,35.0,156.0,0.99542,3.11,0.48,9.3,6
1,7.2,0.3,0.26,1.5,0.041,46.0,178.0,0.99154,3.19,0.56,11.3,6
1,8.3,0.4,0.41,8.2,0.05,15.0,122.0,0.9979,3.39,0.49,9.3,5
1,6.8,0.26,0.4,7.5,0.046,45.0,179.0,0.99583,3.2,0.49,9.3,5
1,7.6,0.18,0.28,7.1,0.041,29.0,110.0,0.99652,3.2,0.42,9.2,6
1,7.6,0.18,0.28,7.1,0.041,29.0,110.0,0.99652,3.2,0.42,9.2,6
1,6.9,0.3,0.25,3.3,0.041,26.0,124.0,0.99428,3.18,0.5,9.3,6
1,6.7,0.23,0.25,1.6,0.036,28.0,143.0,0.99256,3.3,0.54,10.3,6
1,7.0,0.18,0.37,1.5,0.043,16.0,104.0,0.99216,3.18,0.5,10.8,5
1,6.9,0.3,0.25,3.3,0.041,26.0,124.0,0.99428,3.18,0.5,9.3,6
1,6.4,0.21,0.44,7.4,0.045,47.0,182.0,0.9957,3.24,0.46,9.1,5
1,7.8,0.25,0.28,7.2,0.04,46.0,179.0,0.99541,3.14,0.6,10.1,6
1,7.9,0.51,0.36,6.2,0.051,30.0,173.0,0.9984,3.09,0.53,9.7,5
1,7.9,0.51,0.34,2.6,0.049,13.0,135.0,0.99335,3.09,0.51,10.0,5
1,7.1,0.29,0.28,9.3,0.048,50.0,141.0,0.9949,3.13,0.49,10.3,6
1,7.4,0.2,0.28,9.1,0.047,29.0,95.0,0.99532,3.16,0.47,9.8,7
1,6.3,0.2,0.19,12.3,0.048,54.0,145.0,0.99668,3.16,0.42,9.3,6
1,8.0,0.23,0.28,2.7,0.048,49.0,165.0,0.9952,3.26,0.72,9.5,6
1,6.7,0.27,0.33,3.6,0.034,9.0,45.0,0.99144,3.08,0.4,10.5,6
1,6.7,0.27,0.33,3.6,0.034,9.0,45.0,0.99144,3.08,0.4,10.5,6
1,7.3,0.26,0.33,11.8,0.057,48.0,127.0,0.99693,3.1,0.55,10.0,6
1,7.3,0.26,0.33,11.8,0.057,48.0,127.0,0.99693,3.1,0.55,10.0,6
1,7.7,0.18,0.35,5.8,0.055,25.0,144.0,0.99576,3.24,0.54,10.2,6
1,7.6,0.2,0.36,1.9,0.043,24.0,111.0,0.99237,3.29,0.54,11.3,6
1,6.9,0.4,0.42,6.2,0.066,41.0,176.0,0.99552,3.12,0.54,9.4,5
1,6.9,0.4,0.43,6.2,0.065,42.0,178.0,0.99552,3.11,0.53,9.4,5
1,6.8,0.26,0.44,8.2,0.046,52.0,183.0,0.99584,3.2,0.51,9.4,5
1,6.9,0.31,0.32,1.6,0.036,34.0,114.0,0.99068,3.19,0.45,11.4,7
1,6.8,0.26,0.44,8.2,0.046,52.0,183.0,0.99584,3.2,0.51,9.4,5
1,7.3,0.2,0.26,1.6,0.04,36.0,123.0,0.99238,3.34,0.44,10.8,6
1,6.5,0.2,0.24,9.2,0.044,25.0,150.0,0.99502,3.22,0.44,10.5,5
1,7.2,0.26,0.4,6.3,0.047,52.0,172.0,0.99573,3.18,0.53,9.5,6
1,6.3,0.25,0.22,3.3,0.048,41.0,161.0,0.99256,3.16,0.5,10.5,6
1,6.6,0.45,0.43,7.2,0.064,31.0,186.0,0.9954,3.12,0.44,9.4,5
1,7.2,0.44,0.28,3.4,0.048,22.0,112.0,0.99188,3.21,0.37,11.3,7
1,6.3,0.25,0.22,3.3,0.048,41.0,161.0,0.99256,3.16,0.5,10.5,6
1,7.3,0.26,0.3,9.3,0.05,35.0,154.0,0.99581,3.21,0.5,10.4,6
1,6.5,0.37,0.33,3.5,0.036,23.0,92.0,0.99136,3.18,0.38,11.2,6
1,8.0,0.22,0.31,5.6,0.049,24.0,97.0,0.993,3.1,0.42,10.9,5
1,7.3,0.23,0.34,9.3,0.052,19.0,86.0,0.99574,3.04,0.56,10.0,5
1,6.4,0.21,0.28,5.9,0.047,29.0,101.0,0.99278,3.15,0.4,11.0,6
1,6.4,0.21,0.28,5.9,0.047,29.0,101.0,0.99278,3.15,0.4,11.0,6
1,7.0,0.24,0.3,6.7,0.039,37.0,125.0,0.99436,3.2,0.39,9.9,5
1,6.6,0.41,0.31,1.6,0.042,18.0,101.0,0.99195,3.13,0.41,10.5,5
1,6.4,0.2,0.28,2.5,0.032,24.0,84.0,0.99168,3.31,0.55,11.5,5
1,7.6,0.31,0.26,1.7,0.073,40.0,157.0,0.9938,3.1,0.46,9.8,5
1,6.1,0.37,0.2,7.6,0.031,49.0,170.0,0.99558,3.22,0.48,9.5,5
1,6.2,0.36,0.14,8.9,0.036,38.0,155.0,0.99622,3.27,0.5,9.4,5
1,7.1,0.29,0.34,7.8,0.036,49.0,128.0,0.99397,3.21,0.4,10.7,6
1,6.8,0.26,0.46,8.3,0.037,49.0,173.0,0.99601,3.17,0.47,9.3,5
1,7.1,0.29,0.34,7.8,0.036,49.0,128.0,0.99397,3.21,0.4,10.7,6
1,7.2,0.2,0.22,1.6,0.044,17.0,101.0,0.99471,3.37,0.53,10.0,5
1,7.4,0.35,0.24,6.0,0.042,28.0,123.0,0.99304,3.14,0.44,11.3,5
1,7.2,0.2,0.22,1.6,0.044,17.0,101.0,0.99471,3.37,0.53,10.0,5
1,7.3,0.26,0.24,1.7,0.05,10.0,112.0,0.99286,3.11,0.43,9.9,5
1,6.3,0.22,0.22,5.6,0.039,31.0,128.0,0.99296,3.12,0.46,10.4,6
1,7.5,0.19,0.4,7.1,0.056,50.0,110.0,0.9954,3.06,0.52,9.9,6
1,8.5,0.23,0.28,11.1,0.033,30.0,97.0,0.99507,3.03,0.39,10.5,7
1,6.7,0.18,0.28,10.2,0.039,29.0,115.0,0.99469,3.11,0.45,10.9,7
1,6.7,0.18,0.28,10.2,0.039,29.0,115.0,0.99469,3.11,0.45,10.9,7
1,6.8,0.18,0.28,9.8,0.039,29.0,113.0,0.99406,3.11,0.45,10.9,7
1,7.2,0.19,0.31,6.3,0.034,17.0,103.0,0.99305,3.15,0.52,11.4,7
1,6.3,0.37,0.28,6.3,0.034,45.0,152.0,0.9921,3.29,0.46,11.6,7
1,6.6,0.2,0.27,10.9,0.038,29.0,130.0,0.99496,3.11,0.44,10.5,7
1,6.8,0.18,0.28,9.8,0.039,29.0,113.0,0.99406,3.11,0.45,10.9,7
1,6.8,0.18,0.28,9.8,0.039,29.0,113.0,0.99406,3.11,0.45,10.9,7
1,6.8,0.18,0.28,9.8,0.039,29.0,113.0,0.99406,3.11,0.45,10.9,7
1,6.7,0.18,0.28,10.2,0.039,29.0,115.0,0.99469,3.11,0.45,10.9,7
1,6.6,0.2,0.27,10.9,0.038,29.0,130.0,0.99496,3.11,0.44,10.5,7
1,6.3,0.37,0.28,6.3,0.034,45.0,152.0,0.9921,3.29,0.46,11.6,7
1,7.2,0.19,0.31,6.3,0.034,17.0,103.0,0.99305,3.15,0.52,11.4,7
1,7.4,0.32,0.22,11.7,0.035,44.0,150.0,0.99578,3.1,0.45,10.4,5
1,7.5,0.18,0.37,6.2,0.05,21.0,138.0,0.99546,3.2,0.55,10.5,6
1,6.8,0.24,0.38,8.3,0.045,50.0,185.0,0.99578,3.15,0.5,9.5,6
1,6.9,0.25,0.47,8.4,0.042,36.0,156.0,0.99604,3.15,0.55,9.4,6
1,6.6,0.25,0.33,8.5,0.042,29.0,141.0,0.99546,3.28,0.6,10.4,5
1,8.5,0.23,0.4,9.9,0.036,24.0,88.0,0.9951,3.02,0.42,10.5,6
1,6.5,0.29,0.26,7.0,0.04,18.0,113.0,0.99366,3.17,0.38,10.2,6
1,7.6,0.21,0.49,2.5,0.047,20.0,130.0,0.99178,3.15,0.48,11.1,5
1,7.7,0.25,0.49,2.5,0.047,31.0,169.0,0.99252,3.07,0.57,10.6,6
1,7.6,0.23,0.34,1.6,0.043,24.0,129.0,0.99305,3.12,0.7,10.4,5
1,6.7,0.21,0.37,2.5,0.034,35.0,89.0,0.9913,3.25,0.5,11.0,7
1,7.6,0.23,0.34,1.6,0.043,24.0,129.0,0.99305,3.12,0.7,10.4,5
1,7.4,0.23,0.38,8.6,0.052,41.0,150.0,0.99534,3.06,0.46,10.3,5
1,7.6,0.3,0.38,2.1,0.043,10.0,98.0,0.99296,3.17,0.65,11.0,5
1,6.9,0.22,0.43,6.4,0.042,34.0,115.0,0.99293,3.05,0.51,10.8,6
1,6.2,0.19,0.29,4.3,0.045,33.0,126.0,0.99658,3.18,0.42,9.3,6
1,7.2,0.32,0.4,8.7,0.038,45.0,154.0,0.99568,3.2,0.47,10.4,6
1,7.2,0.32,0.4,8.7,0.038,45.0,154.0,0.99568,3.2,0.47,10.4,6
1,6.9,0.19,0.32,7.9,0.042,30.0,130.0,0.99456,3.4,0.39,10.5,6
1,6.5,0.21,0.4,7.3,0.041,49.0,115.0,0.99268,3.21,0.43,11.0,6
1,7.6,0.24,0.44,3.8,0.037,49.0,146.0,0.9911,3.06,0.37,11.6,6
1,7.0,0.21,0.42,5.3,0.037,36.0,123.0,0.99321,3.14,0.52,10.9,6
1,6.8,0.21,0.4,6.3,0.032,40.0,121.0,0.99214,3.18,0.53,12.0,7
1,6.8,0.28,0.34,7.5,0.035,34.0,177.0,0.99692,3.33,0.43,9.1,5
1,6.6,0.25,0.34,3.0,0.054,22.0,141.0,0.99338,3.26,0.47,10.4,6
1,6.4,0.23,0.35,4.6,0.039,43.0,147.0,0.99216,3.18,0.4,11.0,7
1,7.6,0.27,0.29,2.5,0.059,37.0,115.0,0.99328,3.09,0.37,9.8,5
1,7.0,0.29,0.35,1.4,0.036,42.0,109.0,0.99119,3.31,0.62,11.6,6
1,7.6,0.27,0.29,2.5,0.059,37.0,115.0,0.99328,3.09,0.37,9.8,5
1,6.8,0.22,0.41,6.7,0.034,39.0,116.0,0.99245,3.18,0.46,11.5,6
1,7.7,0.27,0.49,3.8,0.037,46.0,139.0,0.99116,3.04,0.38,11.6,6
1,6.4,0.25,0.37,4.5,0.039,41.0,147.0,0.9921,3.18,0.4,11.1,7
1,6.4,0.23,0.35,4.6,0.039,43.0,147.0,0.99216,3.18,0.4,11.0,7
1,6.5,0.32,0.34,5.7,0.044,27.0,91.0,0.99184,3.28,0.6,12.0,7
1,7.5,0.22,0.32,2.4,0.045,29.0,100.0,0.99135,3.08,0.6,11.3,7
1,6.4,0.23,0.32,1.9,0.038,40.0,118.0,0.99074,3.32,0.53,11.8,7
1,6.8,0.21,0.31,2.9,0.046,40.0,121.0,0.9913,3.07,0.65,10.9,7
1,6.8,0.23,0.31,2.8,0.047,40.0,122.0,0.99126,3.06,0.64,10.9,7
1,6.8,0.21,0.31,2.9,0.046,40.0,121.0,0.9913,3.07,0.65,10.9,7
1,7.3,0.25,0.28,1.5,0.043,19.0,113.0,0.99338,3.38,0.56,10.1,6
1,6.4,0.35,0.28,12.6,0.039,19.0,124.0,0.99539,3.2,0.43,10.6,6
1,6.7,0.21,0.34,1.4,0.049,36.0,112.0,0.99091,3.02,0.5,11.0,6
1,6.7,0.23,0.33,8.1,0.048,45.0,176.0,0.99472,3.11,0.52,10.1,6
1,6.8,0.23,0.32,8.6,0.046,47.0,159.0,0.99452,3.08,0.52,10.5,6
1,6.5,0.22,0.28,3.7,0.059,29.0,151.0,0.99177,3.23,0.41,12.1,7
1,6.6,0.425,0.25,2.35,0.034,23.0,87.0,0.99082,3.05,0.41,11.4,6
1,6.5,0.26,0.32,6.65,0.059,34.0,104.0,0.99254,3.18,0.42,11.1,5
1,7.2,0.22,0.28,7.2,0.06,41.0,132.0,0.9935,3.08,0.59,11.3,6
1,6.8,0.2,0.28,12.6,0.048,54.0,136.0,0.99556,3.19,0.37,10.7,6
1,6.0,0.22,0.33,12.2,0.033,25.0,97.0,0.99356,3.17,0.42,11.3,7
1,7.1,0.18,0.49,1.3,0.033,12.0,72.0,0.99072,3.05,0.53,11.3,7
1,7.2,0.22,0.28,7.2,0.06,41.0,132.0,0.9935,3.08,0.59,11.3,6
1,6.6,0.18,0.28,1.7,0.041,53.0,161.0,0.99207,3.13,0.45,10.2,6
1,7.0,0.22,0.28,10.6,0.039,32.0,117.0,0.99355,3.05,0.55,11.5,7
1,7.8,0.22,0.26,9.0,0.047,38.0,132.0,0.997,3.25,0.53,10.2,6
1,6.6,0.18,0.28,1.7,0.041,53.0,161.0,0.99207,3.13,0.45,10.2,6
1,6.5,0.28,0.34,3.6,0.04,29.0,121.0,0.99111,3.28,0.48,12.1,7
1,6.9,0.19,0.35,6.9,0.045,51.0,125.0,0.9933,3.1,0.44,10.7,7
1,6.5,0.28,0.34,3.6,0.04,29.0,121.0,0.99111,3.28,0.48,12.1,7
1,6.4,0.22,0.32,4.9,0.046,50.0,156.0,0.99316,3.38,0.55,11.2,6
1,6.8,0.23,0.3,6.95,0.044,42.0,179.0,0.9946,3.25,0.56,10.6,6
1,6.5,0.25,0.45,7.8,0.048,52.0,188.0,0.99576,3.2,0.53,9.1,5
1,6.6,0.26,0.46,7.8,0.047,48.0,186.0,0.9958,3.2,0.54,9.1,5
1,7.4,0.29,0.28,10.2,0.032,43.0,138.0,0.9951,3.1,0.47,10.6,6
1,6.1,0.33,0.32,7.8,0.052,52.0,183.0,0.99657,3.39,0.65,9.5,5
1,7.7,0.46,0.18,3.3,0.054,18.0,143.0,0.99392,3.12,0.51,10.8,6
1,7.7,0.46,0.18,3.3,0.054,18.0,143.0,0.99392,3.12,0.51,10.8,6
1,6.1,0.33,0.32,7.8,0.052,52.0,183.0,0.99657,3.39,0.65,9.5,5
1,6.7,0.4,0.22,8.8,0.052,24.0,113.0,0.99576,3.22,0.45,9.4,5
1,6.7,0.4,0.22,8.8,0.052,24.0,113.0,0.99576,3.22,0.45,9.4,5
1,7.3,0.34,0.3,9.4,0.057,34.0,178.0,0.99554,3.15,0.44,10.4,6
1,8.0,0.24,0.48,6.8,0.047,13.0,134.0,0.99616,3.23,0.7,10.0,5
1,6.9,0.29,0.41,7.8,0.046,52.0,171.0,0.99537,3.12,0.51,9.6,5
1,6.2,0.36,0.45,10.4,0.06,22.0,184.0,0.99711,3.31,0.56,9.8,6
1,7.6,0.31,0.24,1.8,0.037,39.0,150.0,0.9913,3.05,0.44,11.8,7
1,6.2,0.36,0.45,10.4,0.06,22.0,184.0,0.99711,3.31,0.56,9.8,6
1,7.5,0.21,0.32,4.8,0.056,39.0,113.0,0.99393,3.11,0.52,10.2,7
1,7.8,0.2,0.2,1.4,0.036,25.0,83.0,0.99088,3.03,0.46,11.7,6
1,7.6,0.31,0.24,1.8,0.037,39.0,150.0,0.9913,3.05,0.44,11.8,7
1,6.7,0.24,0.36,8.4,0.042,42.0,123.0,0.99473,3.34,0.52,10.9,6
1,6.4,0.3,0.36,2.0,0.052,18.0,141.0,0.99273,3.38,0.53,10.5,6
1,6.7,0.24,0.36,8.4,0.042,42.0,123.0,0.99473,3.34,0.52,10.9,6
1,6.0,0.2,0.32,3.0,0.031,26.0,118.0,0.99134,3.38,0.68,11.2,7
1,7.5,0.33,0.28,4.9,0.042,21.0,155.0,0.99385,3.36,0.57,10.9,6
1,7.2,0.31,0.35,7.2,0.046,45.0,178.0,0.9955,3.14,0.53,9.7,5
1,6.4,0.28,0.44,7.1,0.048,49.0,179.0,0.99528,3.15,0.48,9.2,5
1,7.2,0.31,0.35,7.2,0.046,45.0,178.0,0.9955,3.14,0.53,9.7,5
1,6.4,0.28,0.44,7.1,0.048,49.0,179.0,0.99528,3.15,0.48,9.2,5
1,7.2,0.24,0.28,1.9,0.032,30.0,92.0,0.9914,3.1,0.39,10.9,6
1,6.6,0.23,0.37,8.5,0.036,46.0,153.0,0.99576,3.2,0.48,9.4,6
1,6.0,0.33,0.2,1.8,0.031,49.0,159.0,0.9919,3.41,0.53,11.0,6
1,6.0,0.33,0.2,1.8,0.031,49.0,159.0,0.9919,3.41,0.53,11.0,6
1,6.6,0.23,0.37,8.5,0.036,46.0,153.0,0.99576,3.2,0.48,9.4,6
1,6.0,0.33,0.2,1.8,0.031,49.0,159.0,0.9919,3.41,0.53,11.0,6
1,6.9,0.26,0.27,4.2,0.031,20.0,80.0,0.99089,3.12,0.39,11.5,6
1,6.9,0.26,0.27,4.2,0.031,20.0,80.0,0.99089,3.12,0.39,11.5,6
1,7.3,0.23,0.27,2.6,0.035,39.0,120.0,0.99138,3.04,0.59,11.3,7
1,7.7,0.24,0.3,1.4,0.041,15.0,102.0,0.9929,3.26,0.53,10.4,6
1,6.4,0.28,0.36,1.3,0.053,28.0,186.0,0.99211,3.31,0.45,10.8,5
1,6.8,0.19,0.32,7.6,0.049,37.0,107.0,0.99332,3.12,0.44,10.7,7
1,6.6,0.19,0.28,11.8,0.042,54.0,137.0,0.99492,3.18,0.37,10.8,6
1,6.6,0.295,0.24,1.6,0.039,29.0,140.0,0.99304,3.35,0.61,10.4,7
1,6.6,0.26,0.24,7.2,0.038,28.0,137.0,0.9952,3.35,0.6,10.4,6
1,6.7,0.35,0.48,8.8,0.056,35.0,167.0,0.99628,3.04,0.47,9.4,5
1,6.4,0.38,0.24,7.2,0.047,41.0,151.0,0.99604,3.11,0.6,9.2,5
1,6.7,0.35,0.48,8.8,0.056,35.0,167.0,0.99628,3.04,0.47,9.4,5
1,6.4,0.38,0.24,7.2,0.047,41.0,151.0,0.99604,3.11,0.6,9.2,5
1,7.1,0.27,0.24,12.6,0.044,48.0,118.0,0.99726,3.04,0.56,10.0,7
1,7.1,0.27,0.24,12.6,0.044,48.0,118.0,0.99726,3.04,0.56,10.0,7
1,6.6,0.3,0.25,8.0,0.036,21.0,124.0,0.99362,3.06,0.38,10.8,6
1,6.6,0.3,0.25,8.0,0.036,21.0,124.0,0.99362,3.06,0.38,10.8,6
1,6.6,0.3,0.25,8.0,0.036,21.0,124.0,0.99362,3.06,0.38,10.8,6
1,6.8,0.19,0.33,4.9,0.047,42.0,130.0,0.99283,3.12,0.56,11.0,6
1,6.8,0.19,0.33,4.9,0.047,42.0,130.0,0.99283,3.12,0.56,11.0,6
1,6.4,0.24,0.23,2.0,0.046,30.0,133.0,0.9908,3.12,0.54,11.4,7
1,6.8,0.18,0.32,7.2,0.047,17.0,109.0,0.99498,3.42,0.44,10.4,6
1,7.1,0.2,0.27,9.6,0.037,19.0,105.0,0.99444,3.04,0.37,10.5,7
1,7.1,0.2,0.27,9.6,0.037,19.0,105.0,0.99444,3.04,0.37,10.5,7
1,7.0,0.3,0.27,1.5,0.076,24.0,145.0,0.99344,3.1,0.52,10.1,5
1,6.3,0.18,0.24,3.4,0.053,20.0,119.0,0.99373,3.11,0.52,9.2,6
1,7.7,0.3,0.23,2.0,0.068,28.0,138.0,0.99382,3.11,0.62,9.8,5
1,7.7,0.31,0.23,2.0,0.069,29.0,134.0,0.99382,3.11,0.62,9.8,5
1,7.5,0.28,0.41,1.3,0.044,11.0,126.0,0.99293,3.28,0.45,10.3,5
1,7.5,0.28,0.41,1.3,0.044,11.0,126.0,0.99293,3.28,0.45,10.3,5
1,6.5,0.26,0.34,1.4,0.04,25.0,184.0,0.99216,3.29,0.46,10.7,5
1,6.6,0.27,0.33,1.4,0.042,24.0,183.0,0.99215,3.29,0.46,10.7,5
1,6.5,0.26,0.34,1.4,0.04,25.0,184.0,0.99216,3.29,0.46,10.7,5
1,6.6,0.27,0.33,1.4,0.042,24.0,183.0,0.99215,3.29,0.46,10.7,5
1,6.9,0.33,0.31,7.7,0.04,29.0,135.0,0.99226,3.11,0.57,12.3,5
1,6.8,0.25,0.3,11.8,0.043,53.0,133.0,0.99524,3.03,0.58,10.4,6
1,7.9,0.21,0.39,2.0,0.057,21.0,138.0,0.99176,3.05,0.52,10.9,5
1,7.0,0.3,0.28,2.2,0.042,21.0,177.0,0.99166,3.2,0.57,11.4,5
1,7.9,0.21,0.39,2.0,0.057,21.0,138.0,0.99176,3.05,0.52,10.9,5
1,7.2,0.28,0.38,2.0,0.052,23.0,156.0,0.9912,3.13,0.52,11.1,5
1,7.9,0.21,0.39,2.0,0.057,21.0,138.0,0.99176,3.05,0.52,10.9,5
1,7.0,0.3,0.28,2.2,0.042,21.0,177.0,0.99166,3.2,0.57,11.4,5
1,7.4,0.34,0.28,12.1,0.049,31.0,149.0,0.99677,3.22,0.49,10.3,5
1,6.8,0.41,0.3,8.8,0.045,28.0,131.0,0.9953,3.12,0.59,9.9,5
1,6.3,0.4,0.24,5.1,0.036,43.0,131.0,0.99186,3.24,0.44,11.3,6
1,6.9,0.28,0.28,12.2,0.042,52.0,139.0,0.99522,3.03,0.56,10.4,6
1,7.3,0.24,0.3,2.5,0.042,31.0,104.0,0.9911,3.05,0.56,11.3,7
1,6.3,0.4,0.24,5.1,0.036,43.0,131.0,0.99186,3.24,0.44,11.3,6
1,6.5,0.41,0.22,4.8,0.052,49.0,142.0,0.9946,3.14,0.62,9.2,5
1,6.5,0.41,0.22,4.8,0.052,49.0,142.0,0.9946,3.14,0.62,9.2,5
1,8.2,0.31,0.43,7.0,0.047,18.0,87.0,0.99628,3.23,0.64,10.6,5
1,7.4,0.22,0.27,1.6,0.057,45.0,98.0,0.99299,3.29,0.44,9.9,7
1,7.1,0.28,0.31,1.5,0.053,20.0,98.0,0.99069,3.15,0.5,11.4,5
1,7.1,0.2,0.37,1.5,0.049,28.0,129.0,0.99226,3.15,0.52,10.8,5
1,6.8,0.33,0.31,7.4,0.045,34.0,143.0,0.99226,3.06,0.55,12.2,6
1,6.8,0.33,0.31,7.4,0.045,34.0,143.0,0.99226,3.06,0.55,12.2,6
1,6.2,0.27,0.26,12.1,0.046,43.0,127.0,0.9951,3.16,0.37,10.8,6
1,7.1,0.2,0.37,1.5,0.049,28.0,129.0,0.99226,3.15,0.52,10.8,5
1,6.0,0.21,0.3,8.7,0.036,47.0,127.0,0.99368,3.18,0.39,10.6,5
1,6.7,0.26,0.29,7.7,0.038,40.0,179.0,0.99479,3.23,0.56,10.4,6
1,8.5,0.23,0.34,1.3,0.035,54.0,110.0,0.99176,3.07,0.55,11.0,7
1,6.0,0.21,0.3,8.7,0.036,47.0,127.0,0.99368,3.18,0.39,10.6,5
1,6.2,0.39,0.24,4.8,0.037,45.0,138.0,0.99174,3.23,0.43,11.2,7
1,6.2,0.39,0.24,4.8,0.037,45.0,138.0,0.99174,3.23,0.43,11.2,7
1,7.2,0.25,0.32,1.5,0.054,24.0,105.0,0.99154,3.17,0.48,11.1,6
1,6.2,0.39,0.24,4.8,0.037,45.0,138.0,0.99174,3.23,0.43,11.2,7
1,7.4,0.25,0.37,2.6,0.05,24.0,132.0,0.99138,3.04,0.53,11.2,6
1,7.3,0.27,0.3,1.3,0.04,26.0,84.0,0.99222,3.28,0.53,10.7,6
1,6.2,0.27,0.32,6.3,0.048,47.0,159.0,0.99282,3.21,0.6,11.0,6
1,6.9,0.4,0.37,8.9,0.053,36.0,148.0,0.996,3.16,0.5,9.3,5
1,7.2,0.23,0.39,1.5,0.053,26.0,106.0,0.99166,3.18,0.47,11.1,6
1,6.1,0.27,0.32,6.2,0.048,47.0,161.0,0.99281,3.22,0.6,11.0,6
1,6.2,0.27,0.32,6.3,0.048,47.0,159.0,0.99282,3.21,0.6,11.0,6
1,6.9,0.4,0.37,8.9,0.053,36.0,148.0,0.996,3.16,0.5,9.3,5
1,8.4,0.22,0.3,1.3,0.038,45.0,122.0,0.99178,3.13,0.54,10.8,7
1,6.6,0.43,0.24,11.9,0.04,54.0,159.0,0.99622,3.14,0.54,9.8,6
1,6.0,0.34,0.32,3.8,0.044,13.0,116.0,0.99108,3.39,0.44,11.8,7
1,6.7,0.18,0.31,10.6,0.035,42.0,143.0,0.99572,3.08,0.49,9.8,7
1,6.1,0.22,0.25,12.1,0.035,54.0,135.0,0.99481,3.21,0.4,10.7,5
1,6.1,0.2,0.17,1.6,0.048,46.0,129.0,0.991,3.3,0.43,11.4,6
1,6.7,0.28,0.34,8.9,0.048,32.0,111.0,0.99455,3.25,0.54,11.0,7
1,6.7,0.28,0.34,8.9,0.048,32.0,111.0,0.99455,3.25,0.54,11.0,7
1,6.7,0.28,0.34,8.9,0.048,32.0,111.0,0.99455,3.25,0.54,11.0,7
1,6.5,0.38,0.26,5.2,0.042,33.0,112.0,0.99067,3.06,0.5,12.3,7
1,6.8,0.22,0.32,5.9,0.054,40.0,152.0,0.9938,3.2,0.57,10.8,6
1,7.2,0.4,0.24,8.5,0.055,45.0,151.0,0.99626,3.2,0.52,9.2,5
1,7.2,0.4,0.24,8.5,0.055,45.0,151.0,0.99626,3.2,0.52,9.2,5
1,6.0,0.28,0.27,4.1,0.046,50.0,147.0,0.99126,3.27,0.56,11.6,6
1,6.1,0.28,0.3,7.75,0.031,33.0,139.0,0.99296,3.22,0.46,11.0,6
1,6.4,0.2,0.22,7.4,0.032,53.0,172.0,0.99404,3.24,0.58,11.0,6
1,7.3,0.33,0.22,1.4,0.041,40.0,177.0,0.99287,3.14,0.48,9.9,5
1,7.3,0.34,0.22,1.4,0.044,43.0,176.0,0.99286,3.14,0.46,9.9,5
1,6.3,0.24,0.29,1.6,0.052,48.0,185.0,0.9934,3.21,0.5,9.4,5
1,6.2,0.24,0.22,7.9,0.053,45.0,149.0,0.99545,3.23,0.52,9.3,5
1,6.2,0.24,0.22,7.9,0.053,45.0,149.0,0.99545,3.23,0.52,9.3,5
1,7.4,0.36,0.32,1.9,0.036,27.0,119.0,0.99196,3.15,0.49,11.2,6
1,6.9,0.38,0.28,8.3,0.062,22.0,166.0,0.99506,3.16,0.72,10.6,5
1,6.2,0.24,0.28,12.2,0.049,54.0,133.0,0.9952,3.19,0.37,10.7,6
1,6.1,0.28,0.27,8.0,0.048,41.0,162.0,0.99498,3.21,0.51,9.9,5
1,7.4,0.37,0.26,9.6,0.05,33.0,134.0,0.99608,3.13,0.46,10.4,5
1,7.4,0.26,0.29,3.7,0.048,14.0,73.0,0.9915,3.06,0.45,11.4,6
1,7.3,0.25,0.27,3.8,0.047,16.0,79.0,0.99173,3.07,0.46,11.3,6
1,6.4,0.5,0.2,2.4,0.059,19.0,112.0,0.99314,3.18,0.4,9.2,6
1,6.6,0.21,0.34,5.6,0.046,30.0,140.0,0.99299,3.22,0.38,11.0,5
1,6.4,0.5,0.2,2.4,0.059,19.0,112.0,0.99314,3.18,0.4,9.2,6
1,6.9,0.37,0.23,9.5,0.057,54.0,166.0,0.99568,3.23,0.42,10.0,5
1,6.9,0.37,0.23,9.5,0.057,54.0,166.0,0.99568,3.23,0.42,10.0,5
1,6.0,0.2,0.25,2.0,0.041,30.0,95.0,0.99078,3.27,0.56,11.1,6
1,7.5,0.21,0.29,1.5,0.046,35.0,107.0,0.99123,3.15,0.45,11.3,6
1,6.3,0.18,0.22,5.6,0.047,45.0,147.0,0.99383,3.09,0.54,10.0,5
1,6.8,0.29,0.32,1.8,0.032,18.0,130.0,0.99095,3.05,0.62,11.2,6
1,6.8,0.18,0.35,5.4,0.054,53.0,143.0,0.99287,3.1,0.54,11.0,7
1,6.8,0.28,0.29,11.9,0.052,51.0,149.0,0.99544,3.02,0.58,10.4,6
1,6.8,0.28,0.29,11.9,0.052,51.0,149.0,0.99544,3.02,0.58,10.4,6
1,6.8,0.28,0.29,11.9,0.052,51.0,149.0,0.99544,3.02,0.58,10.4,6
1,6.8,0.26,0.29,11.9,0.052,54.0,160.0,0.99546,3.03,0.58,10.4,6
1,6.8,0.18,0.35,5.4,0.054,53.0,143.0,0.99287,3.1,0.54,11.0,7
1,6.1,0.3,0.47,1.4,0.049,50.0,187.0,0.9927,3.19,0.45,9.5,5
1,6.1,0.3,0.47,1.4,0.049,50.0,187.0,0.9927,3.19,0.45,9.5,5
1,7.2,0.26,0.38,1.5,0.061,12.0,120.0,0.99192,3.18,0.46,10.4,5
1,7.0,0.31,0.35,1.6,0.063,13.0,119.0,0.99184,3.22,0.5,10.7,5
1,6.8,0.34,0.27,5.2,0.06,14.0,169.0,0.99252,3.27,0.57,11.6,6
1,6.9,0.35,0.39,2.4,0.048,25.0,157.0,0.99133,3.2,0.54,11.1,7
1,6.4,0.25,0.33,1.7,0.037,35.0,113.0,0.99164,3.23,0.66,10.6,6
1,6.3,0.3,0.48,7.4,0.053,34.0,149.0,0.99472,3.18,0.53,9.8,5
1,6.2,0.3,0.32,1.3,0.054,27.0,183.0,0.99266,3.3,0.43,10.1,5
1,6.9,0.26,0.38,10.5,0.044,33.0,139.0,0.99517,3.06,0.5,10.3,6
1,6.2,0.345,0.27,10.1,0.056,38.0,187.0,0.99486,3.31,0.56,10.6,5
1,6.3,0.23,0.33,6.9,0.052,23.0,118.0,0.9938,3.23,0.46,10.4,6
1,6.3,0.22,0.3,2.0,0.05,23.0,120.0,0.99204,3.24,0.47,10.4,6
1,6.5,0.26,0.24,10.8,0.042,47.0,130.0,0.996,3.08,0.4,10.1,6
1,7.0,0.24,0.24,1.8,0.047,29.0,91.0,0.99251,3.3,0.43,9.9,6
1,7.5,0.29,0.24,9.9,0.058,25.0,115.0,0.99567,3.15,0.46,10.9,5
1,6.0,0.33,0.26,5.1,0.051,16.0,119.0,0.99416,3.15,0.41,9.2,5
1,6.0,0.33,0.26,5.1,0.051,16.0,119.0,0.99416,3.15,0.41,9.2,5
1,6.2,0.36,0.22,5.25,0.038,44.0,145.0,0.99184,3.22,0.4,11.2,6
1,6.2,0.36,0.22,5.25,0.038,44.0,145.0,0.99184,3.22,0.4,11.2,6
1,7.2,0.22,0.35,5.5,0.054,37.0,183.0,0.99474,3.08,0.5,10.3,5
1,6.0,0.2,0.26,6.8,0.049,22.0,93.0,0.9928,3.15,0.42,11.0,6
1,6.0,0.2,0.26,6.8,0.049,22.0,93.0,0.9928,3.15,0.42,11.0,6
1,6.0,0.2,0.26,6.8,0.049,22.0,93.0,0.9928,3.15,0.42,11.0,6
1,6.0,0.2,0.26,6.8,0.049,22.0,93.0,0.9928,3.15,0.42,11.0,6
1,7.6,0.28,0.17,1.6,0.046,28.0,117.0,0.99288,3.08,0.43,10.0,5
1,6.9,0.22,0.32,5.8,0.041,20.0,119.0,0.99296,3.17,0.55,11.2,6
1,7.4,0.22,0.28,9.0,0.046,22.0,121.0,0.99468,3.1,0.55,10.8,5
1,6.9,0.22,0.32,5.8,0.041,20.0,119.0,0.99296,3.17,0.55,11.2,6
1,7.0,0.2,0.35,8.8,0.037,31.0,103.0,0.99388,3.13,0.49,11.0,6
1,6.1,0.24,0.25,1.6,0.044,24.0,115.0,0.9921,3.39,0.59,10.9,6
1,6.1,0.24,0.27,11.5,0.05,51.0,133.0,0.99476,3.22,0.37,10.8,6
1,6.5,0.22,0.27,1.6,0.039,36.0,116.0,0.99178,3.38,0.57,11.0,7
1,6.2,0.26,0.29,2.0,0.036,16.0,87.0,0.99081,3.33,0.61,11.8,6
1,6.4,0.27,0.3,1.6,0.04,19.0,86.0,0.99089,3.32,0.65,11.5,6
1,6.3,0.41,0.22,7.3,0.035,23.0,117.0,0.99172,3.2,0.39,11.94,7
1,7.2,0.585,0.2,10.4,0.086,17.0,94.0,0.99681,3.13,0.4,9.4,5
1,6.3,0.41,0.22,7.3,0.035,23.0,117.0,0.99172,3.2,0.39,11.94,7
1,6.4,0.24,0.26,8.2,0.054,47.0,182.0,0.99538,3.12,0.5,9.5,5
1,7.4,0.38,0.34,8.3,0.052,44.0,168.0,0.99627,3.11,0.52,9.2,5
1,6.4,0.24,0.26,8.2,0.054,47.0,182.0,0.99538,3.12,0.5,9.5,5
1,6.4,0.42,0.19,9.3,0.043,28.0,145.0,0.99433,3.23,0.53,10.98,5
1,6.4,0.23,0.26,8.1,0.054,47.0,181.0,0.9954,3.12,0.49,9.4,5
1,6.4,0.24,0.26,8.2,0.054,47.0,182.0,0.99538,3.12,0.5,9.5,5
1,7.4,0.38,0.34,8.3,0.052,44.0,168.0,0.99627,3.11,0.52,9.2,5
1,7.1,0.2,0.35,3.2,0.034,21.0,107.0,0.99195,3.11,0.54,11.1,6
1,7.3,0.28,0.35,1.6,0.054,31.0,148.0,0.99178,3.18,0.47,10.7,5
1,6.4,0.31,0.27,7.4,0.049,48.0,169.0,0.99323,3.27,0.45,11.1,6
1,6.2,0.29,0.29,5.6,0.046,35.0,178.0,0.99313,3.25,0.51,10.53333333,5
1,6.5,0.23,0.2,7.5,0.05,44.0,179.0,0.99504,3.18,0.48,9.533333333,5
1,7.3,0.28,0.35,1.6,0.054,31.0,148.0,0.99178,3.18,0.47,10.7,5
1,7.1,0.31,0.25,11.2,0.048,32.0,136.0,0.99663,3.14,0.4,9.5,5
1,7.1,0.31,0.25,11.2,0.048,32.0,136.0,0.99663,3.14,0.4,9.5,5
1,7.0,0.23,0.28,2.7,0.053,16.0,92.0,0.99372,3.18,0.56,9.3,5
1,7.1,0.23,0.23,3.5,0.038,23.0,112.0,0.99157,3.05,0.37,11.36666667,6
1,6.4,0.35,0.21,2.1,0.051,46.0,171.0,0.9932,3.16,0.5,9.5,5
1,6.0,0.32,0.32,4.8,0.041,40.0,186.0,0.99235,3.22,0.54,11.0,6
1,6.1,0.34,0.21,5.0,0.042,17.0,133.0,0.99373,3.02,0.53,9.4,5
1,6.1,0.34,0.21,5.0,0.042,17.0,133.0,0.99373,3.02,0.53,9.4,5
1,6.4,0.3,0.27,5.0,0.058,27.0,151.0,0.99198,3.22,0.49,12.2,6
1,7.0,0.24,0.26,1.7,0.041,31.0,110.0,0.99142,3.2,0.53,11.0,6
1,6.4,0.26,0.21,8.2,0.05,51.0,182.0,0.99542,3.23,0.48,9.5,5
1,6.4,0.26,0.21,8.2,0.05,51.0,182.0,0.99542,3.23,0.48,9.5,5
1,6.0,0.27,0.31,5.0,0.043,54.0,170.0,0.9924,3.28,0.52,11.0,6
1,6.6,0.24,0.22,12.3,0.051,35.0,146.0,0.99676,3.1,0.67,9.4,5
1,6.6,0.24,0.22,12.3,0.051,35.0,146.0,0.99676,3.1,0.67,9.4,5
1,6.8,0.43,0.26,5.2,0.043,40.0,176.0,0.99116,3.17,0.41,12.3,6
1,7.1,0.27,0.27,10.4,0.041,26.0,114.0,0.99335,3.04,0.52,11.5,7
1,7.1,0.27,0.27,10.4,0.041,26.0,114.0,0.99335,3.04,0.52,11.5,7
1,6.2,0.22,0.28,2.2,0.04,24.0,125.0,0.9917,3.19,0.48,10.5,6
1,6.2,0.22,0.28,2.2,0.04,24.0,125.0,0.9917,3.19,0.48,10.5,6
1,6.2,0.22,0.28,2.2,0.04,24.0,125.0,0.9917,3.19,0.48,10.5,6
1,6.9,0.44,0.27,5.0,0.038,33.0,166.0,0.99124,3.2,0.42,12.2,6
1,7.2,0.24,0.24,1.7,0.045,18.0,161.0,0.99196,3.25,0.53,11.2,6
1,6.5,0.29,0.3,9.15,0.051,25.0,166.0,0.99339,3.24,0.56,11.33333333,6
1,6.7,0.28,0.28,4.5,0.051,14.0,92.0,0.99224,3.36,0.58,11.9,6
1,6.5,0.29,0.3,9.15,0.051,25.0,166.0,0.99339,3.24,0.56,11.35,6
1,6.1,0.21,0.19,1.4,0.046,51.0,131.0,0.99184,3.22,0.39,10.5,5
1,7.2,0.47,0.16,5.9,0.048,14.0,125.0,0.99428,3.09,0.49,9.8,5
1,7.2,0.47,0.16,5.9,0.048,14.0,125.0,0.99428,3.09,0.49,9.8,5
1,7.3,0.3,0.25,2.5,0.045,32.0,122.0,0.99329,3.18,0.54,10.3,5
1,6.4,0.28,0.22,12.8,0.039,51.0,150.0,0.99535,3.23,0.43,10.7,6
1,6.9,0.29,0.25,12.2,0.04,29.0,136.0,0.99552,3.05,0.65,10.4,6
1,6.3,0.3,0.19,7.7,0.049,47.0,184.0,0.99514,3.22,0.48,9.5,5
1,6.3,0.39,0.22,2.8,0.048,53.0,173.0,0.99304,3.24,0.45,9.8,5
1,7.7,0.28,0.24,2.4,0.044,29.0,157.0,0.99312,3.27,0.56,10.6,6
1,6.2,0.32,0.24,4.1,0.051,34.0,149.0,0.99306,3.36,0.52,11.0,5
1,6.3,0.25,0.27,6.6,0.054,40.0,158.0,0.99378,3.2,0.48,10.3,5
1,6.4,0.23,0.27,2.1,0.042,35.0,100.0,0.99094,3.03,0.63,10.9,6
1,7.0,0.28,0.28,1.4,0.039,12.0,83.0,0.99173,3.18,0.65,11.1,5
1,6.4,0.32,0.26,7.9,0.05,53.0,180.0,0.99514,3.14,0.5,9.6,5
1,6.4,0.32,0.26,7.9,0.05,53.0,180.0,0.99514,3.14,0.5,9.6,5
1,6.0,0.555,0.26,4.5,0.053,17.0,126.0,0.9943,3.24,0.46,9.1,5
1,6.4,0.32,0.26,7.9,0.05,53.0,180.0,0.99514,3.14,0.5,9.6,5
1,6.0,0.19,0.37,9.7,0.032,17.0,50.0,0.9932,3.08,0.66,12.0,6
1,6.8,0.31,0.25,10.5,0.043,30.0,165.0,0.9972,3.36,0.55,10.55,6
1,6.8,0.2,0.25,6.2,0.052,22.0,106.0,0.9935,3.09,0.54,10.8,5
1,7.8,0.27,0.33,2.4,0.053,36.0,175.0,0.992,3.2,0.55,11.0,6
1,7.1,0.25,0.31,2.3,0.05,32.0,156.0,0.9914,3.14,0.51,11.4,6
1,6.5,0.32,0.23,8.5,0.051,20.0,138.0,0.9943,3.03,0.42,10.7,5
1,6.4,0.28,0.23,6.0,0.051,50.0,162.0,0.994,3.15,0.52,10.2,5
1,6.7,0.23,0.17,1.3,0.061,14.0,100.0,0.9925,3.07,0.55,9.5,5
1,7.1,0.28,0.26,2.8,0.039,50.0,118.0,0.9908,3.06,0.59,11.2,6
1,6.9,0.28,0.37,9.1,0.037,16.0,76.0,0.9948,3.05,0.54,11.1,5
1,6.9,0.28,0.37,9.1,0.037,16.0,76.0,0.9948,3.05,0.54,11.1,5
1,6.9,0.28,0.37,9.1,0.037,16.0,76.0,0.9948,3.05,0.54,11.1,5
1,6.8,0.23,0.33,1.9,0.047,20.0,101.0,0.9914,3.1,0.46,11.1,6
1,7.0,0.23,0.32,1.8,0.048,25.0,113.0,0.9915,3.11,0.47,11.1,6
1,6.9,0.22,0.32,9.3,0.04,22.0,110.0,0.9958,3.34,0.54,10.7,7
1,7.0,0.23,0.35,1.4,0.036,31.0,113.0,0.9912,3.16,0.48,10.8,7
1,6.4,0.3,0.27,4.4,0.055,17.0,135.0,0.9925,3.23,0.44,12.2,6
1,6.2,0.2,0.32,2.8,0.05,17.0,126.0,0.9936,3.18,0.55,9.4,6
1,6.4,0.3,0.33,5.2,0.05,30.0,137.0,0.99304,3.26,0.58,11.1,5
1,6.4,0.33,0.3,7.2,0.041,42.0,168.0,0.99331,3.22,0.49,11.1,6
1,6.7,0.45,0.3,5.3,0.036,27.0,165.0,0.99122,3.12,0.46,12.2,6
1,7.1,0.39,0.3,9.9,0.037,29.0,124.0,0.99414,3.07,0.42,10.9,6
1,6.8,0.38,0.29,9.9,0.037,40.0,146.0,0.99326,3.11,0.37,11.5,6
1,6.9,0.29,0.32,5.8,0.04,16.0,112.0,0.993,3.04,0.58,11.2,5
1,6.6,0.28,0.3,12.9,0.033,31.0,177.0,0.99479,3.12,0.39,11.2,6
1,6.1,0.44,0.28,4.25,0.032,43.0,132.0,0.9916,3.26,0.47,11.26666667,7
1,6.1,0.44,0.28,4.25,0.032,43.0,132.0,0.9916,3.26,0.47,11.3,7
1,6.4,0.38,0.19,4.5,0.038,36.0,119.0,0.99151,3.07,0.42,11.2,6
1,7.5,0.305,0.38,1.4,0.047,30.0,95.0,0.99158,3.22,0.52,11.5,7
1,6.1,0.19,0.37,2.6,0.041,24.0,99.0,0.99153,3.18,0.5,10.9,6
1,6.1,0.19,0.37,2.6,0.041,24.0,99.0,0.99153,3.18,0.5,10.9,6
1,6.6,0.21,0.39,2.3,0.041,31.0,102.0,0.99221,3.22,0.58,10.9,7
1,6.2,0.28,0.41,5.0,0.043,50.0,188.0,0.99318,3.23,0.64,10.8,6
1,6.5,0.51,0.25,1.7,0.048,39.0,177.0,0.99212,3.28,0.57,10.56666667,5
1,6.5,0.51,0.25,1.7,0.048,39.0,177.0,0.99212,3.28,0.57,10.6,5
1,6.5,0.25,0.32,9.9,0.045,41.0,128.0,0.99636,3.18,0.52,9.6,6
1,7.2,0.26,0.32,10.4,0.062,23.0,114.0,0.9966,3.23,0.49,10.5,5
1,7.2,0.33,0.28,1.4,0.034,26.0,109.0,0.99246,3.28,0.57,10.6,6
1,6.4,0.28,0.28,3.0,0.04,19.0,98.0,0.99216,3.25,0.47,11.1,6
1,6.1,0.32,0.33,10.7,0.036,27.0,98.0,0.99521,3.34,0.52,10.2,6
1,6.0,0.25,0.28,7.7,0.053,37.0,132.0,0.99489,3.06,0.5,9.4,6
1,6.1,0.32,0.33,10.7,0.036,27.0,98.0,0.99521,3.34,0.52,10.2,6
1,6.9,0.31,0.33,12.7,0.038,33.0,116.0,0.9954,3.04,0.65,10.4,6
1,6.0,0.25,0.28,7.7,0.053,37.0,132.0,0.99489,3.06,0.5,9.4,6
1,7.2,0.21,0.31,10.5,0.035,36.0,122.0,0.99478,3.12,0.4,10.6,6
1,6.1,0.27,0.31,3.9,0.034,42.0,137.0,0.99218,3.24,0.46,10.9,6
1,6.0,0.27,0.32,3.6,0.035,36.0,133.0,0.99215,3.23,0.46,10.8,6
1,6.4,0.19,0.35,10.2,0.043,40.0,106.0,0.99632,3.16,0.5,9.7,6
1,6.2,0.26,0.2,8.0,0.047,35.0,111.0,0.99445,3.11,0.42,10.4,6
1,7.0,0.24,0.47,1.3,0.043,18.0,131.0,0.99176,3.19,0.45,11.0,6
1,6.8,0.23,0.48,1.5,0.036,35.0,165.0,0.99162,3.18,0.45,11.3,6
1,6.5,0.28,0.34,4.6,0.054,22.0,130.0,0.99193,3.2,0.46,12.0,7
1,6.4,0.23,0.35,10.3,0.042,54.0,140.0,0.9967,3.23,0.47,9.2,5
1,6.4,0.23,0.35,10.3,0.042,54.0,140.0,0.9967,3.23,0.47,9.2,5
1,6.0,0.32,0.33,9.9,0.032,22.0,90.0,0.99258,3.1,0.43,12.1,7
1,6.4,0.33,0.44,8.9,0.055,52.0,164.0,0.99488,3.1,0.48,9.6,5
1,6.4,0.33,0.44,8.9,0.055,52.0,164.0,0.99488,3.1,0.48,9.6,5
1,7.5,0.38,0.33,9.2,0.043,19.0,116.0,0.99444,3.08,0.42,11.4,6
1,6.0,0.43,0.34,7.6,0.045,25.0,118.0,0.99222,3.03,0.37,11.0,6
1,6.0,0.52,0.33,7.7,0.046,24.0,119.0,0.99224,3.04,0.38,11.0,6
1,6.0,0.42,0.41,12.4,0.032,50.0,179.0,0.99622,3.14,0.6,9.7,5
1,6.2,0.38,0.42,2.5,0.038,34.0,117.0,0.99132,3.36,0.59,11.6,7
1,6.2,0.21,0.29,1.6,0.039,24.0,92.0,0.99114,3.27,0.5,11.2,6
0,8.6,0.38,0.36,3.0,0.081,30.0,119.0,0.997,3.2,0.56,9.4,5
0,7.3,0.39,0.31,2.4,0.074,9.0,46.0,0.9962,3.41,0.54,9.4,6
0,7.5,0.52,0.16,1.9,0.085,12.0,35.0,0.9968,3.38,0.62,9.5,7
0,7.4,0.5,0.47,2.0,0.086,21.0,73.0,0.997,3.36,0.57,9.1,5
0,6.9,0.55,0.15,2.2,0.076,19.0,40.0,0.9961,3.41,0.59,10.1,5
0,7.7,0.49,0.26,1.9,0.062,9.0,31.0,0.9966,3.39,0.64,9.6,5
0,7.9,0.52,0.26,1.9,0.079,42.0,140.0,0.9964,3.23,0.54,9.5,5
0,7.7,0.49,0.26,1.9,0.062,9.0,31.0,0.9966,3.39,0.64,9.6,5
0,8.1,0.575,0.22,2.1,0.077,12.0,65.0,0.9967,3.29,0.51,9.2,5
0,8.1,0.575,0.22,2.1,0.077,12.0,65.0,0.9967,3.29,0.51,9.2,5
0,8.3,0.54,0.28,1.9,0.077,11.0,40.0,0.9978,3.39,0.61,10.0,6
0,7.8,0.5,0.17,1.6,0.082,21.0,102.0,0.996,3.39,0.48,9.5,5
0,7.8,0.56,0.19,2.1,0.081,15.0,105.0,0.9962,3.33,0.54,9.5,5
0,7.8,0.56,0.19,2.0,0.081,17.0,108.0,0.9962,3.32,0.54,9.5,5
0,7.1,0.43,0.42,5.5,0.07,29.0,129.0,0.9973,3.42,0.72,10.5,5
0,7.1,0.43,0.42,5.5,0.071,28.0,128.0,0.9973,3.42,0.71,10.5,5
0,7.1,0.43,0.42,5.5,0.07,29.0,129.0,0.9973,3.42,0.72,10.5,5
0,7.1,0.43,0.42,5.5,0.071,28.0,128.0,0.9973,3.42,0.71,10.5,5
0,7.3,0.59,0.26,7.2,0.07,35.0,121.0,0.9981,3.37,0.49,9.4,5
0,7.4,0.39,0.48,2.0,0.082,14.0,67.0,0.9972,3.34,0.55,9.2,5
0,7.9,0.5,0.33,2.0,0.084,15.0,143.0,0.9968,3.2,0.55,9.5,5
0,7.9,0.49,0.32,1.9,0.082,17.0,144.0,0.9968,3.2,0.55,9.5,5
0,8.2,0.5,0.35,2.9,0.077,21.0,127.0,0.9976,3.23,0.62,9.4,5
0,7.8,0.59,0.33,2.0,0.074,24.0,120.0,0.9968,3.25,0.54,9.4,5
0,7.8,0.57,0.31,1.8,0.069,26.0,120.0,0.99625,3.29,0.53,9.3,5
0,8.2,0.57,0.26,2.2,0.06,28.0,65.0,0.9959,3.3,0.43,10.1,5
0,7.5,0.49,0.19,1.9,0.076,10.0,44.0,0.9957,3.39,0.54,9.7,5
0,7.8,0.53,0.33,2.4,0.08,24.0,144.0,0.99655,3.3,0.6,9.5,5
0,7.8,0.34,0.37,2.0,0.082,24.0,58.0,0.9964,3.34,0.59,9.4,6
0,7.7,0.43,0.25,2.6,0.073,29.0,63.0,0.99615,3.37,0.58,10.5,6
0,7.7,0.43,0.25,2.6,0.073,29.0,63.0,0.99615,3.37,0.58,10.5,6
0,8.0,0.57,0.23,3.2,0.073,17.0,119.0,0.99675,3.26,0.57,9.3,5
0,7.9,0.33,0.23,1.7,0.077,18.0,45.0,0.99625,3.29,0.65,9.3,5
0,7.9,0.37,0.23,1.8,0.077,23.0,49.0,0.9963,3.28,0.67,9.3,5
0,7.4,0.29,0.38,1.7,0.062,9.0,30.0,0.9968,3.41,0.53,9.5,6
0,7.9,0.53,0.24,2.0,0.072,15.0,105.0,0.996,3.27,0.54,9.4,6
0,8.6,0.47,0.3,3.0,0.076,30.0,135.0,0.9976,3.3,0.53,9.4,5
0,8.0,0.58,0.28,3.2,0.066,21.0,114.0,0.9973,3.22,0.54,9.4,6
0,7.8,0.43,0.32,2.8,0.08,29.0,58.0,0.9974,3.31,0.64,10.3,5
0,6.1,0.21,0.4,1.4,0.066,40.5,165.0,0.9912,3.25,0.59,11.9,6
0,7.7,0.26,0.3,1.7,0.059,20.0,38.0,0.9949,3.29,0.47,10.8,6
0,7.8,0.55,0.35,2.2,0.074,21.0,66.0,0.9974,3.25,0.56,9.2,5
0,8.8,0.44,0.49,2.8,0.083,18.0,111.0,0.9982,3.3,0.6,9.5,5
0,8.8,0.47,0.49,2.9,0.085,17.0,110.0,0.9982,3.29,0.6,9.8,5
0,6.6,0.39,0.49,1.7,0.07,23.0,149.0,0.9922,3.12,0.5,11.5,6
0,8.3,0.54,0.24,3.4,0.076,16.0,112.0,0.9976,3.27,0.61,9.4,5
0,8.2,0.56,0.23,3.4,0.078,14.0,104.0,0.9976,3.28,0.62,9.4,5
0,7.9,0.35,0.21,1.9,0.073,46.0,102.0,0.9964,3.27,0.58,9.5,5
0,6.7,0.42,0.27,8.6,0.068,24.0,148.0,0.9948,3.16,0.57,11.3,6
0,6.9,0.4,0.24,2.5,0.083,30.0,45.0,0.9959,3.26,0.58,10.0,5
0,8.5,0.46,0.31,2.25,0.078,32.0,58.0,0.998,3.33,0.54,9.8,5
0,7.4,0.49,0.19,3.0,0.077,16.0,37.0,0.9966,3.37,0.51,10.5,5
0,8.0,0.43,0.36,2.3,0.075,10.0,48.0,0.9976,3.34,0.46,9.4,5
0,7.2,0.49,0.18,2.7,0.069,13.0,34.0,0.9967,3.29,0.48,9.2,6
0,8.0,0.43,0.36,2.3,0.075,10.0,48.0,0.9976,3.34,0.46,9.4,5
0,8.6,0.33,0.4,2.6,0.083,16.0,68.0,0.99782,3.3,0.48,9.4,5
0,7.4,0.37,0.43,2.6,0.082,18.0,82.0,0.99708,3.33,0.68,9.7,6
0,7.1,0.46,0.14,2.8,0.076,15.0,37.0,0.99624,3.36,0.49,10.7,5
0,7.1,0.46,0.14,2.8,0.076,15.0,37.0,0.99624,3.36,0.49,10.7,5
0,7.2,0.54,0.27,2.6,0.084,12.0,78.0,0.9964,3.39,0.71,11.0,5
0,6.8,0.41,0.31,8.8,0.084,26.0,45.0,0.99824,3.38,0.64,10.1,6
0,8.4,0.36,0.32,2.2,0.081,32.0,79.0,0.9964,3.3,0.72,11.0,6
0,8.4,0.36,0.32,2.2,0.081,32.0,79.0,0.9964,3.3,0.72,11.0,6
0,6.8,0.41,0.31,8.8,0.084,26.0,45.0,0.99824,3.38,0.64,10.1,6
0,8.8,0.3,0.38,2.3,0.06,19.0,72.0,0.99543,3.39,0.72,11.8,6
0,8.8,0.3,0.38,2.3,0.06,19.0,72.0,0.99543,3.39,0.72,11.8,6
0,8.2,0.43,0.29,1.6,0.081,27.0,45.0,0.99603,3.25,0.54,10.3,5
0,7.2,0.34,0.21,2.5,0.075,41.0,68.0,0.99586,3.37,0.54,10.1,6
0,6.4,0.39,0.33,3.3,0.046,12.0,53.0,0.99294,3.36,0.62,12.2,6
0,7.2,0.35,0.26,1.8,0.083,33.0,75.0,0.9968,3.4,0.58,9.5,6
0,7.2,0.38,0.3,1.8,0.073,31.0,70.0,0.99685,3.42,0.59,9.5,6
0,7.2,0.38,0.3,1.8,0.073,31.0,70.0,0.99685,3.42,0.59,9.5,6
0,7.9,0.19,0.42,1.6,0.057,18.0,30.0,0.994,3.29,0.69,11.2,6
0,8.0,0.25,0.43,1.7,0.067,22.0,50.0,0.9946,3.38,0.6,11.9,6
0,8.2,0.51,0.24,2.0,0.079,16.0,86.0,0.99764,3.34,0.64,9.5,6
0,7.3,0.4,0.3,1.7,0.08,33.0,79.0,0.9969,3.41,0.65,9.5,6
0,7.9,0.58,0.23,2.3,0.076,23.0,94.0,0.99686,3.21,0.58,9.5,6
0,7.9,0.58,0.23,2.3,0.076,23.0,94.0,0.99686,3.21,0.58,9.5,6
0,6.6,0.44,0.15,2.1,0.076,22.0,53.0,0.9957,3.32,0.62,9.3,5
0,7.9,0.57,0.31,2.0,0.079,10.0,79.0,0.99677,3.29,0.69,9.5,6
0,8.1,0.53,0.22,2.2,0.078,33.0,89.0,0.99678,3.26,0.46,9.6,6
0,7.6,0.43,0.29,2.1,0.075,19.0,66.0,0.99718,3.4,0.64,9.5,5
0,7.6,0.43,0.29,2.1,0.075,19.0,66.0,0.99718,3.4,0.64,9.5,5
0,8.3,0.56,0.22,2.4,0.082,10.0,86.0,0.9983,3.37,0.62,9.5,5
0,7.5,0.58,0.14,2.2,0.077,27.0,60.0,0.9963,3.28,0.59,9.8,5
0,7.5,0.59,0.22,1.8,0.082,43.0,60.0,0.99499,3.1,0.42,9.2,5
0,7.0,0.58,0.28,4.8,0.085,12.0,69.0,0.99633,3.32,0.7,11.0,6
0,8.5,0.37,0.32,1.8,0.066,26.0,51.0,0.99456,3.38,0.72,11.8,6
0,7.3,0.44,0.2,1.6,0.049,24.0,64.0,0.9935,3.38,0.57,11.7,6
0,7.5,0.58,0.2,2.0,0.073,34.0,44.0,0.99494,3.1,0.43,9.3,5
0,7.1,0.46,0.2,1.9,0.077,28.0,54.0,0.9956,3.37,0.64,10.4,6
0,7.1,0.46,0.2,1.9,0.077,28.0,54.0,0.9956,3.37,0.64,10.4,6
0,7.0,0.42,0.19,2.3,0.071,18.0,36.0,0.99476,3.39,0.56,10.9,5
0,8.0,0.28,0.44,1.8,0.081,28.0,68.0,0.99501,3.36,0.66,11.2,5
0,7.0,0.36,0.21,2.3,0.086,20.0,65.0,0.99558,3.4,0.54,10.1,6
0,7.0,0.36,0.21,2.4,0.086,24.0,69.0,0.99556,3.4,0.53,10.1,6
0,6.7,0.46,0.24,1.7,0.077,18.0,34.0,0.9948,3.39,0.6,10.6,6
0,6.7,0.46,0.24,1.7,0.077,18.0,34.0,0.9948,3.39,0.6,10.6,6
0,6.7,0.46,0.24,1.7,0.077,18.0,34.0,0.9948,3.39,0.6,10.6,6
0,6.7,0.46,0.24,1.7,0.077,18.0,34.0,0.9948,3.39,0.6,10.6,6
0,7.2,0.56,0.26,2.0,0.083,13.0,100.0,0.99586,3.26,0.52,9.9,5
0,8.0,0.52,0.25,2.0,0.078,19.0,59.0,0.99612,3.3,0.48,10.2,5
0,6.4,0.57,0.14,3.9,0.07,27.0,73.0,0.99669,3.32,0.48,9.2,5
0,7.3,0.59,0.26,2.0,0.08,17.0,104.0,0.99584,3.28,0.52,9.9,5
0,7.5,0.4,0.18,1.6,0.079,24.0,58.0,0.9965,3.34,0.58,9.4,5
0,7.7,0.23,0.37,1.8,0.046,23.0,60.0,0.9971,3.41,0.71,12.1,6
0,7.4,0.41,0.24,1.8,0.066,18.0,47.0,0.9956,3.37,0.62,10.4,5
0,7.6,0.43,0.31,2.1,0.069,13.0,74.0,0.9958,3.26,0.54,9.9,6
0,7.3,0.48,0.32,2.1,0.062,31.0,54.0,0.99728,3.3,0.65,10.0,7
0,7.3,0.48,0.32,2.1,0.062,31.0,54.0,0.99728,3.3,0.65,10.0,7
0,7.3,0.585,0.18,2.4,0.078,15.0,60.0,0.99638,3.31,0.54,9.8,5
0,6.4,0.56,0.15,1.8,0.078,17.0,65.0,0.99294,3.33,0.6,10.5,6
0,6.8,0.48,0.25,2.0,0.076,29.0,61.0,0.9953,3.34,0.6,10.4,5
0,6.2,0.46,0.29,2.1,0.074,32.0,98.0,0.99578,3.33,0.62,9.8,5
0,6.0,0.31,0.47,3.6,0.067,18.0,42.0,0.99549,3.39,0.66,11.0,6
